,index,행정동코드,자치구,행정동,충전접근성,충전수요,충전접근성순위_R,충전수요순위,종합입지순위
0,7,1168060000,강남구,대치1동,(34+0j),(80+0j),8,1,1
1,9,1168063000,강남구,대치4동,(34+0j),(28.999999999999996+0j),10,5,2
2,14,1165065100,서초구,양재1동,(36+0j),(36+0j),15,2,3
3,22,1153052000,구로구,구로1동,(38+0j),(26+0j),23,8,4
4,3,1174056000,강동구,고덕2동,(30+0j),(10+0j),4,50,5
5,4,1135063000,노원구,상계1동,(32+0j),(9+0j),5,61,6
6,50,1144066000,마포구,서교동,(40+0j),(14.000000000000002+0j),51,17,7
7,36,1159063000,동작구,사당2동,(39+0j),(11+0j),37,38,8
8,30,1144056500,마포구,공덕동,(38+0j),(10+0j),31,44,9
9,42,1150064000,강서구,방화2동,(39+0j),(11+0j),43,34,10
10,60,1144074000,마포구,상암동,(41+0j),(14.000000000000002+0j),61,19,11
11,0,1150062000,강서구,공항동,(21+0j),(8+0j),1,83,12
12,8,1171067000,송파구,잠실2동,(34+0j),(8+0j),9,94,13
13,76,1168067000,강남구,개포2동,(41+0j),(11+0j),77,28,14
14,85,1168059000,강남구,삼성2동,(41+0j),(12+0j),86,27,15
15,59,1171068000,송파구,잠실3동,(40+0j),(9+0j),60,55,16
16,21,1153053000,구로구,구로2동,(38+0j),(7.000000000000001+0j),22,99,17
17,89,1141056500,서대문구,충현동,(41+0j),(10+0j),90,39,18
18,20,1135060000,노원구,공릉2동,(38+0j),(7.000000000000001+0j),21,108,19
19,67,1123066000,동대문구,장안2동,(41+0j),(8+0j),68,80,20
20,15,1174055000,강동구,고덕1동,(36+0j),(7.000000000000001+0j),16,132,21
21,51,1144065500,마포구,서강동,(40+0j),(7.000000000000001+0j),52,97,22
22,34,1150061500,강서구,우장산동,(39+0j),(7.000000000000001+0j),35,120,23
23,16,1159065100,동작구,사당5동,(37+0j),(6+0j),17,146,24
24,78,1117063000,용산구,이촌1동,(41+0j),(8+0j),79,86,25
25,63,1159062000,동작구,사당1동,(41+0j),(7.000000000000001+0j),64,102,26
26,24,1138062500,은평구,역촌동,(38+0j),(6+0j),25,144,27
27,157,1168065000,강남구,역삼2동,(43+0j),(15+0j),158,15,28
28,90,1150053500,강서구,등촌3동,(41+0j),(8+0j),91,85,29
29,86,1150051000,강서구,염창동,(41+0j),(8+0j),87,90,30
30,49,1141061500,서대문구,연희동,(40+0j),(7.000000000000001+0j),50,129,31
31,37,1159051000,동작구,노량진1동,(39+0j),(6+0j),38,141,32
32,119,1123065000,동대문구,장안1동,(42+0j),(9+0j),120,60,33
33,58,1171057000,송파구,오금동,(40+0j),(7.000000000000001+0j),59,122,34
34,12,1168066000,강남구,개포1동,(36+0j),(6+0j),13,168,35
35,179,1153055000,구로구,구로4동,(43+0j),(27+0j),180,7,36
36,79,1135059500,노원구,공릉1동,(41+0j),(7.000000000000001+0j),80,110,37
37,82,1144063000,마포구,신수동,(41+0j),(7.000000000000001+0j),83,107,38
38,84,1144068000,마포구,합정동,(41+0j),(7.000000000000001+0j),85,111,39
39,88,1129070500,성북구,종암동,(41+0j),(7.000000000000001+0j),89,114,40
40,25,1135058000,노원구,월계3동,(38+0j),(6+0j),26,178,41
41,65,1159052000,동작구,노량진2동,(41+0j),(6+0j),66,139,42
42,47,1144070000,마포구,망원2동,(40+0j),(6+0j),48,160,43
43,145,1159066000,동작구,대방동,(43+0j),(9+0j),146,66,44
44,142,1165066000,서초구,내곡동,(43+0j),(8+0j),143,69,45
45,1,1130561500,강북구,수유1동,(22+0j),(5+0j),2,211,46
46,152,1159060500,동작구,흑석동,(43+0j),(9+0j),153,64,47
47,23,1165058000,서초구,반포3동,(38+0j),(5+0j),24,194,48
48,105,1129066000,성북구,길음1동,(42+0j),(7.000000000000001+0j),106,112,49
49,141,1123056000,동대문구,전농1동,(43+0j),(8+0j),142,78,50
50,62,1147061100,양천구,신월7동,(41+0j),(6+0j),63,164,51
51,153,1159054000,동작구,상도2동,(43+0j),(8+0j),154,79,52
52,38,1156051500,영등포구,영등포본동,(39+0j),(5+0j),39,195,53
53,43,1153074000,구로구,개봉1동,(39+0j),(6+0j),44,190,54
54,19,1129081000,성북구,석관동,(37+0j),(5+0j),20,215,55
55,55,1168072000,강남구,일원본동,(40+0j),(6+0j),56,179,56
56,57,1130560800,강북구,번3동,(40+0j),(6+0j),58,182,57
57,2,1135066500,노원구,상계3.4동,(30+0j),(5+0j),3,239,58
58,116,1171056200,송파구,방이2동,(42+0j),(7.000000000000001+0j),117,126,59
59,13,1162063000,관악구,남현동,(36+0j),(5+0j),14,234,60
60,112,1138057000,은평구,대조동,(42+0j),(6+0j),113,136,61
61,218,1120065000,성동구,성수1가1동,(44+0j),(11+0j),219,30,62
62,206,1165053100,서초구,서초4동,(44+0j),(10+0j),207,48,63
63,54,1129076000,성북구,장위1동,(40+0j),(5+0j),55,200,64
64,28,1126059000,중랑구,상봉2동,(38+0j),(5+0j),29,229,65
65,195,1174052500,강동구,상일제1동,(43+0j),(9+0j),196,63,66
66,27,1126066000,중랑구,망우3동,(38+0j),(5+0j),28,237,67
67,198,1147064000,양천구,신정3동,(43+0j),(9+0j),199,68,68
68,11,1130564500,강북구,우이동,(35+0j),(4+0j),12,255,69
69,114,1120056000,성동구,행당1동,(42+0j),(6+0j),115,155,70
70,26,1138052000,은평구,불광1동,(38+0j),(5+0j),27,243,71
71,244,1168053100,강남구,논현2동,(44+0j),(12+0j),245,25,72
72,108,1171069000,송파구,잠실4동,(42+0j),(6+0j),109,163,73
73,35,1174058000,강동구,암사2동,(39+0j),(5+0j),36,238,74
74,165,1144072000,마포구,성산1동,(43+0j),(7.000000000000001+0j),166,109,75
75,235,1159053000,동작구,상도1동,(44+0j),(10+0j),236,40,76
76,201,1165054000,서초구,잠원동,(44+0j),(8+0j),202,74,77
77,33,1129064000,성북구,정릉3동,(39+0j),(5+0j),34,244,78
78,56,1174059000,강동구,암사3동,(40+0j),(5+0j),57,224,79
79,64,1162057500,관악구,행운동,(41+0j),(5+0j),65,217,80
80,6,1111056000,종로구,평창동,(33+0j),(4+0j),7,276,81
81,31,1153080000,구로구,항동,(39+0j),(5+0j),32,253,82
82,87,1129062000,성북구,정릉1동,(41+0j),(5+0j),88,198,83
83,144,1123070500,동대문구,청량리동,(43+0j),(6+0j),145,145,84
84,168,1150054000,강서구,화곡1동,(43+0j),(7.000000000000001+0j),169,121,85
85,124,1159055000,동작구,상도3동,(42+0j),(6+0j),125,166,86
86,276,1165053000,서초구,서초3동,(45+0j),(16+0j),277,14,87
87,148,1123073000,동대문구,휘경2동,(43+0j),(6+0j),149,142,88
88,149,1123072000,동대문구,휘경1동,(43+0j),(6+0j),150,143,89
89,191,1154567000,금천구,시흥1동,(43+0j),(7.000000000000001+0j),192,104,90
90,171,1171062000,송파구,가락본동,(43+0j),(7.000000000000001+0j),172,125,91
91,32,1126060000,중랑구,중화1동,(39+0j),(4+0j),33,269,92
92,127,1174070000,강동구,둔촌2동,(42+0j),(6+0j),128,176,93
93,181,1174065000,강동구,성내2동,(43+0j),(7.000000000000001+0j),182,123,94
94,172,1123057000,동대문구,전농2동,(43+0j),(6+0j),173,133,95
95,132,1174066000,강동구,성내3동,(42+0j),(6+0j),133,174,96
96,53,1162076500,관악구,미성동,(40+0j),(5+0j),54,254,97
97,156,1165062100,서초구,방배4동,(43+0j),(6+0j),157,153,98
98,133,1153078000,구로구,오류2동,(42+0j),(6+0j),134,177,99
99,238,1153056000,구로구,구로5동,(44+0j),(8+0j),239,75,100
100,243,1123060000,동대문구,답십리1동,(44+0j),(8+0j),244,70,101
101,163,1144071000,마포구,연남동,(43+0j),(6+0j),164,151,102
102,177,1123074000,동대문구,이문1동,(43+0j),(6+0j),178,137,103
103,242,1165057000,서초구,반포2동,(44+0j),(8+0j),243,73,104
104,131,1174057000,강동구,암사1동,(42+0j),(6+0j),132,185,105
105,309,1150060300,강서구,가양1동,(45+0j),(18+0j),310,10,106
106,296,1168051000,강남구,신사동,(45+0j),(12+0j),297,26,107
107,115,1147067000,양천구,신정6동,(42+0j),(5+0j),116,208,108
108,125,1130566000,강북구,인수동,(42+0j),(5+0j),126,199,109
109,44,1138060000,은평구,응암3동,(39+0j),(4+0j),45,280,110
110,113,1147061000,양천구,신월6동,(42+0j),(5+0j),114,214,111
111,91,1126057500,중랑구,면목3.8동,(41+0j),(5+0j),92,236,112
112,40,1117069000,용산구,서빙고동,(39+0j),(4+0j),41,288,113
113,39,1117053000,용산구,남영동,(39+0j),(4+0j),40,289,114
114,323,1165051000,서초구,서초1동,(46+0j),(18+0j),324,11,115
115,231,1159064000,동작구,사당3동,(44+0j),(7.000000000000001+0j),232,103,116
116,217,1171052000,송파구,풍납2동,(44+0j),(7.000000000000001+0j),218,118,117
117,237,1123054500,동대문구,제기동,(44+0j),(7.000000000000001+0j),238,98,118
118,106,1132052100,도봉구,도봉1동,(42+0j),(5+0j),107,233,119
119,174,1147062000,양천구,신정1동,(43+0j),(6+0j),175,165,120
120,138,1130557500,강북구,삼각산동,(42+0j),(5+0j),139,204,121
121,311,1168052100,강남구,논현1동,(45+0j),(11+0j),312,32,122
122,324,1165052000,서초구,서초2동,(46+0j),(12+0j),325,23,123
123,46,1120062000,성동구,금호4가동,(40+0j),(4+0j),47,303,124
124,118,1123071000,동대문구,회기동,(42+0j),(5+0j),119,232,125
125,66,1138055200,은평구,갈현2동,(41+0j),(4+0j),67,284,126
126,109,1147052000,양천구,목2동,(42+0j),(5+0j),110,242,127
127,301,1165056000,서초구,반포1동,(45+0j),(10+0j),302,51,128
128,17,1135062400,노원구,중계4동,(37+0j),(4+0j),18,336,129
129,93,1150059300,강서구,화곡8동,(41+0j),(4+0j),94,261,130
130,220,1126062000,중랑구,묵1동,(44+0j),(6+0j),221,135,131
131,344,1111061500,종로구,종로1.2.3.4가동,(47+0j),(16+0j),345,13,132
132,45,1165062000,서초구,방배3동,(39+0j),(4+0j),46,313,133
133,81,1138064000,은평구,증산동,(41+0j),(4+0j),82,279,134
134,234,1162072500,관악구,조원동,(44+0j),(7.000000000000001+0j),235,127,135
135,349,1165065200,서초구,양재2동,(47+0j),(15+0j),350,16,136
136,252,1123061000,동대문구,답십리2동,(44+0j),(7.000000000000001+0j),253,113,137
137,147,1129071500,성북구,월곡1동,(43+0j),(5+0j),148,219,138
138,135,1126056500,중랑구,면목본동,(42+0j),(5+0j),136,231,139
139,162,1162064500,관악구,서원동,(43+0j),(5+0j),163,205,140
140,122,1138058000,은평구,응암1동,(42+0j),(5+0j),123,248,141
141,213,1171060000,송파구,석촌동,(44+0j),(6+0j),214,158,142
142,110,1147054000,양천구,목4동,(42+0j),(4+0j),111,262,143
143,266,1153051000,구로구,신도림동,(45+0j),(7.000000000000001+0j),267,106,144
144,255,1141058500,서대문구,신촌동,(44+0j),(7.000000000000001+0j),256,119,145
145,41,1135061200,노원구,하계2동,(39+0j),(4+0j),42,334,146
146,221,1129055500,성북구,삼선동,(44+0j),(6+0j),222,156,147
147,73,1135071000,노원구,상계9동,(41+0j),(4+0j),74,305,148
148,348,1123053600,동대문구,용신동,(47+0j),(11+0j),349,31,149
149,159,1138056000,은평구,구산동,(43+0j),(5+0j),160,220,150
150,303,1141055500,서대문구,북아현동,(45+0j),(8+0j),304,76,151
151,95,1117055500,용산구,청파동,(41+0j),(4+0j),96,285,152
152,212,1174053000,강동구,명일1동,(44+0j),(6+0j),213,169,153
153,10,1121577000,광진구,중곡4동,(35+0j),(3+0j),11,371,154
154,75,1135067000,노원구,상계5동,(41+0j),(4+0j),76,307,155
155,258,1162073500,관악구,대학동,(44+0j),(7.000000000000001+0j),259,124,156
156,186,1147056000,양천구,신월1동,(43+0j),(5+0j),187,197,157
157,216,1171065000,송파구,잠실본동,(44+0j),(6+0j),217,167,158
158,236,1159065000,동작구,사당4동,(44+0j),(6+0j),237,147,159
159,128,1150060500,강서구,가양3동,(42+0j),(4+0j),129,256,160
160,289,1144069000,마포구,망원1동,(45+0j),(8+0j),290,95,161
161,338,1156062000,영등포구,양평2동,(46+0j),(10+0j),339,47,162
162,328,1144073000,마포구,성산2동,(46+0j),(9+0j),329,57,163
163,48,1162074500,관악구,삼성동,(40+0j),(4+0j),49,337,164
164,326,1144055500,마포구,아현동,(46+0j),(9+0j),327,59,165
165,155,1126058000,중랑구,상봉1동,(43+0j),(5+0j),156,230,166
166,270,1147055000,양천구,목5동,(45+0j),(7.000000000000001+0j),271,117,167
167,219,1174052600,강동구,상일제2동,(44+0j),(6+0j),220,170,168
168,143,1129065000,성북구,정릉4동,(43+0j),(5+0j),144,247,169
169,390,1168061000,강남구,대치2동,(51+0j),(31+0j),391,3,170
170,233,1144058500,마포구,도화동,(44+0j),(6+0j),234,161,171
171,358,1171064700,송파구,위례동,(47+0j),(11+0j),359,37,172
172,139,1130563500,강북구,수유3동,(43+0j),(4+0j),140,257,173
173,325,1144061000,마포구,염리동,(46+0j),(8+0j),326,72,174
174,298,1159056000,동작구,상도4동,(45+0j),(7.000000000000001+0j),299,100,175
175,68,1132051100,도봉구,창1동,(41+0j),(4+0j),69,330,176
176,97,1135056000,노원구,월계1동,(42+0j),(4+0j),98,302,177
177,173,1126069000,중랑구,신내2동,(43+0j),(5+0j),174,227,178
178,382,1174068500,강동구,길동,(49+0j),(14.000000000000002+0j),383,18,179
179,61,1129077000,성북구,장위2동,(41+0j),(4+0j),62,340,180
180,297,1159067000,동작구,신대방1동,(45+0j),(7.000000000000001+0j),298,105,181
181,140,1117057000,용산구,원효로2동,(43+0j),(4+0j),141,266,182
182,200,1147065000,양천구,신정4동,(44+0j),(5+0j),201,206,183
183,340,1117068500,용산구,한남동,(47+0j),(9+0j),341,67,184
184,315,1168067500,강남구,개포3동,(46+0j),(8+0j),316,93,185
185,137,1126057000,중랑구,면목7동,(42+0j),(4+0j),138,271,186
186,380,1168070000,강남구,세곡동,(49+0j),(11+0j),381,29,187
187,400,1114054000,중구,회현동,(52+0j),(20+0j),401,9,188
188,321,1168001100,강남구,압구정동,(46+0j),(8+0j),322,88,189
189,158,1162052500,관악구,보라매동,(43+0j),(5+0j),159,251,190
190,228,1174061000,강동구,천호2동,(44+0j),(6+0j),229,184,191
191,71,1135057000,노원구,월계2동,(41+0j),(4+0j),72,342,192
192,332,1168050200,강남구,청담동,(46+0j),(8+0j),333,81,193
193,318,1156056000,영등포구,당산2동,(46+0j),(8+0j),319,96,194
194,410,1168064000,강남구,역삼1동,(54+0j),(30+0j),411,4,195
195,29,1165055000,서초구,반포본동,(38+0j),(3+0j),30,386,196
196,288,1120053500,성동구,왕십리도선동,(45+0j),(7.000000000000001+0j),289,128,197
197,208,1120079000,성동구,용답동,(44+0j),(5+0j),209,209,198
198,202,1120061500,성동구,금호2.3가동,(44+0j),(5+0j),203,216,199
199,350,1120054000,성동구,마장동,(47+0j),(8+0j),351,71,200
200,103,1154563000,금천구,독산3동,(42+0j),(4+0j),104,318,201
201,264,1171064100,송파구,문정1동,(45+0j),(6+0j),265,157,202
202,18,1129052500,성북구,성북동,(37+0j),(2+0j),19,403,203
203,5,1111054000,종로구,삼청동,(32+0j),(2+0j),6,417,204
204,69,1132066000,도봉구,쌍문1동,(41+0j),(3+0j),70,356,205
205,404,1171064200,송파구,문정2동,(53+0j),(12+0j),405,22,206
206,123,1120059000,성동구,금호1가동,(42+0j),(4+0j),124,304,207
207,241,1162060500,관악구,은천동,(44+0j),(6+0j),242,186,208
208,187,1114060500,중구,을지로동,(43+0j),(5+0j),188,240,209
209,83,1129072500,성북구,월곡2동,(41+0j),(4+0j),84,345,210
210,339,1168065600,강남구,도곡2동,(47+0j),(8+0j),340,89,211
211,422,1156054000,영등포구,여의동,(74+0j),(28.999999999999996+0j),423,6,212
212,92,1129063000,성북구,정릉2동,(41+0j),(4+0j),93,338,213
213,375,1171063100,송파구,가락1동,(48+0j),(9+0j),376,56,214
214,386,1126065500,중랑구,망우본동,(50+0j),(10+0j),387,45,215
215,341,1168065500,강남구,도곡1동,(47+0j),(8+0j),342,91,216
216,409,1168058000,강남구,삼성1동,(54+0j),(12+0j),410,24,217
217,377,1165058100,서초구,반포4동,(48+0j),(9+0j),378,58,218
218,374,1120066000,성동구,성수1가2동,(48+0j),(9+0j),375,62,219
219,70,1174069000,강동구,둔촌1동,(41+0j),(3+0j),71,366,220
220,425,1154551000,금천구,가산동,(82+0j),(17+0j),426,12,221
221,104,1129059000,성북구,돈암2동,(42+0j),(4+0j),105,333,222
222,389,1138069000,은평구,진관동,(51+0j),(10+0j),390,49,223
223,352,1150063000,강서구,방화1동,(47+0j),(8+0j),353,87,224
224,214,1174054000,강동구,명일2동,(44+0j),(5+0j),215,225,225
225,407,1114052000,중구,소공동,(53+0j),(11+0j),408,33,226
226,77,1135072000,노원구,상계10동,(41+0j),(3+0j),78,363,227
227,310,1162059500,관악구,청룡동,(45+0j),(7.000000000000001+0j),311,131,228
228,421,1114055000,중구,명동,(63+0j),(13+0j),422,20,229
229,395,1147051000,양천구,목1동,(51+0j),(10+0j),396,46,230
230,126,1121584700,광진구,자양4동,(42+0j),(4+0j),127,316,231
231,80,1154571000,금천구,시흥5동,(41+0j),(3+0j),81,362,232
232,184,1147063000,양천구,신정2동,(43+0j),(4+0j),185,258,233
233,102,1129060000,성북구,안암동,(42+0j),(4+0j),103,341,234
234,232,1162062500,관악구,인헌동,(44+0j),(5+0j),233,212,235
235,424,1117062500,용산구,한강로동,(76+0j),(13+0j),425,21,236
236,262,1162069500,관악구,신림동,(44+0j),(6+0j),263,183,237
237,183,1147057000,양천구,신월2동,(43+0j),(4+0j),184,263,238
238,98,1114068000,중구,중림동,(42+0j),(3+0j),99,348,239
239,117,1171055000,송파구,마천2동,(42+0j),(4+0j),118,331,240
240,408,1156060500,영등포구,문래동,(53+0j),(10+0j),409,42,241
241,259,1141068500,서대문구,홍은2동,(44+0j),(5+0j),260,191,242
242,335,1174062000,강동구,천호3동,(46+0j),(7.000000000000001+0j),336,115,243
243,193,1171056600,송파구,오륜동,(43+0j),(4+0j),194,259,244
244,417,1174051500,강동구,강일동,(56.00000000000001+0j),(11+0j),418,36,245
245,401,1120069000,성동구,성수2가3동,(52+0j),(9+0j),402,52,246
246,291,1144060000,마포구,대흥동,(45+0j),(6+0j),292,162,247
247,419,1156053500,영등포구,영등포동,(57.99999999999999+0j),(11+0j),420,35,248
248,412,1171071000,송파구,잠실6동,(54+0j),(10+0j),413,43,249
249,415,1153054000,구로구,구로3동,(55.00000000000001+0j),(10+0j),416,41,250
250,403,1144059000,마포구,용강동,(53+0j),(9+0j),404,53,251
251,392,1111053000,종로구,사직동,(51+0j),(9+0j),393,65,252
252,94,1138053000,은평구,불광2동,(41+0j),(3+0j),95,364,253
253,286,1174064000,강동구,성내1동,(45+0j),(6+0j),287,173,254
254,96,1114063500,중구,약수동,(42+0j),(3+0j),97,365,255
255,188,1126054000,중랑구,면목4동,(43+0j),(4+0j),189,273,256
256,199,1150059100,강서구,화곡6동,(44+0j),(4+0j),200,265,257
257,274,1130560300,강북구,번2동,(45+0j),(5+0j),275,192,258
258,240,1123075000,동대문구,이문2동,(44+0j),(5+0j),241,228,259
259,74,1138055100,은평구,갈현1동,(41+0j),(3+0j),75,394,260
260,52,1111055000,종로구,부암동,(40+0j),(2+0j),53,416,261
261,129,1121571000,광진구,화양동,(42+0j),(4+0j),130,339,262
262,387,1159068000,동작구,신대방2동,(50+0j),(8+0j),388,82,263
263,100,1117051000,용산구,후암동,(42+0j),(3+0j),101,369,264
264,280,1174060000,강동구,천호1동,(45+0j),(6+0j),281,189,265
265,151,1162077500,관악구,난곡동,(43+0j),(4+0j),152,319,266
266,343,1120050100,성동구,옥수동,(47+0j),(7.000000000000001+0j),344,130,267
267,281,1141062000,서대문구,홍제1동,(45+0j),(5+0j),282,193,268
268,420,1154561000,금천구,독산1동,(60+0j),(9+0j),421,54,269
269,275,1130559500,강북구,번1동,(45+0j),(5+0j),276,201,270
270,342,1117056000,용산구,원효로1동,(47+0j),(6+0j),343,134,271
271,394,1171064600,송파구,장지동,(51+0j),(8+0j),395,84,272
272,211,1130555500,강북구,송천동,(44+0j),(4+0j),212,267,273
273,160,1141069000,서대문구,남가좌1동,(43+0j),(4+0j),161,321,274
274,192,1156063000,영등포구,신길1동,(43+0j),(4+0j),193,292,275
275,263,1147053000,양천구,목3동,(45+0j),(5+0j),264,222,276
276,299,1168075000,강남구,수서동,(45+0j),(6+0j),300,187,277
277,101,1117064000,용산구,이촌2동,(42+0j),(3+0j),102,387,278
278,136,1153079000,구로구,수궁동,(42+0j),(3+0j),137,352,279
279,411,1150061100,강서구,발산1동,(54+0j),(8+0j),412,77,280
280,72,1117052000,용산구,용산2가동,(41+0j),(2+0j),73,423,281
281,205,1156068000,영등포구,신길6동,(44+0j),(4+0j),206,291,282
282,121,1117070000,용산구,보광동,(42+0j),(3+0j),122,376,283
283,320,1135062500,노원구,중계2.3동,(46+0j),(6+0j),321,180,284
284,385,1138051000,은평구,녹번동,(49+0j),(7.000000000000001+0j),386,116,285
285,314,1168069000,강남구,개포4동,(46+0j),(6+0j),315,188,286
286,130,1150060400,강서구,가양2동,(42+0j),(3+0j),131,372,287
287,111,1141052000,서대문구,천연동,(42+0j),(3+0j),112,391,288
288,120,1120072000,성동구,송정동,(42+0j),(3+0j),121,385,289
289,222,1117065000,용산구,이태원1동,(44+0j),(4+0j),223,286,290
290,302,1162056500,관악구,성현동,(45+0j),(5+0j),303,207,291
291,215,1171059000,송파구,송파2동,(44+0j),(4+0j),216,297,292
292,169,1129061000,성북구,보문동,(43+0j),(4+0j),170,344,293
293,423,1126068000,중랑구,신내1동,(75+0j),(8+0j),424,92,294
294,368,1156072000,영등포구,대림3동,(48+0j),(6+0j),369,149,295
295,416,1132069000,도봉구,방학1동,(55.00000000000001+0j),(7.000000000000001+0j),417,101,296
296,378,1114059000,중구,광희동,(48+0j),(6+0j),379,140,297
297,337,1168073000,강남구,일원1동,(46+0j),(6+0j),338,181,298
298,99,1111070000,종로구,숭인1동,(42+0j),(2+0j),100,419,299
299,204,1165061000,서초구,방배2동,(44+0j),(4+0j),205,314,300
300,146,1129078000,성북구,장위3동,(43+0j),(3+0j),147,373,301
301,284,1135061100,노원구,하계1동,(45+0j),(5+0j),285,235,302
302,370,1171061000,송파구,삼전동,(48+0j),(6+0j),371,150,303
303,239,1138059000,은평구,응암2동,(44+0j),(4+0j),240,281,304
304,383,1126052000,중랑구,면목2동,(49+0j),(6+0j),384,138,305
305,312,1147068000,양천구,신정7동,(45+0j),(5+0j),313,210,306
306,175,1153075000,구로구,개봉2동,(43+0j),(3+0j),176,349,307
307,107,1117059000,용산구,용문동,(42+0j),(2+0j),108,418,308
308,176,1153073000,구로구,고척2동,(43+0j),(3+0j),177,350,309
309,285,1171053200,송파구,거여2동,(45+0j),(5+0j),286,241,310
310,196,1132071000,도봉구,방학3동,(43+0j),(4+0j),197,332,311
311,376,1165060000,서초구,방배1동,(48+0j),(6+0j),377,152,312
312,307,1138063100,은평구,신사1동,(45+0j),(5+0j),308,223,313
313,207,1120055000,성동구,사근동,(44+0j),(4+0j),208,324,314
314,164,1114057000,중구,필동,(43+0j),(3+0j),165,368,315
315,150,1162054500,관악구,청림동,(43+0j),(3+0j),151,383,316
316,391,1141072000,서대문구,북가좌2동,(51+0j),(6+0j),392,148,317
317,365,1135069500,노원구,상계6.7동,(48+0j),(6+0j),366,175,318
318,373,1150052000,강서구,등촌1동,(48+0j),(6+0j),374,171,319
319,185,1154569000,금천구,시흥3동,(43+0j),(3+0j),186,359,320
320,161,1162061500,관악구,중앙동,(43+0j),(3+0j),162,384,321
321,396,1120067000,성동구,성수2가1동,(51+0j),(6+0j),397,154,322
322,227,1120052000,성동구,왕십리2동,(44+0j),(4+0j),228,323,323
323,154,1141064000,서대문구,홍제3동,(43+0j),(3+0j),155,398,324
324,357,1171058000,송파구,송파1동,(47+0j),(5+0j),358,196,325
325,308,1130562500,강북구,수유2동,(45+0j),(5+0j),309,245,326
326,253,1162065500,관악구,신원동,(44+0j),(4+0j),254,301,327
327,166,1150056000,강서구,화곡3동,(43+0j),(3+0j),167,389,328
328,134,1121574000,광진구,중곡1동,(42+0j),(2+0j),135,421,329
329,229,1162071500,관악구,난향동,(44+0j),(4+0j),230,328,330
330,398,1156055000,영등포구,당산1동,(52+0j),(6+0j),399,159,331
331,251,1135070000,노원구,상계8동,(44+0j),(4+0j),252,306,332
332,246,1121582000,광진구,자양1동,(44+0j),(4+0j),247,312,333
333,282,1111063000,종로구,종로5.6가동,(45+0j),(4+0j),283,277,334
334,210,1114058000,중구,장충동,(44+0j),(3+0j),211,351,335
335,268,1130553400,강북구,삼양동,(45+0j),(4+0j),269,293,336
336,294,1156070000,영등포구,대림1동,(45+0j),(4+0j),295,268,337
337,167,1150055000,강서구,화곡2동,(43+0j),(3+0j),168,395,338
338,170,1150057000,강서구,화곡4동,(43+0j),(3+0j),171,392,339
339,277,1130553500,강북구,미아동,(45+0j),(4+0j),278,287,340
340,189,1156067000,영등포구,신길5동,(43+0j),(3+0j),190,378,341
341,399,1135064000,노원구,상계2동,(52+0j),(6+0j),400,172,342
342,190,1156065000,영등포구,신길3동,(43+0j),(3+0j),191,382,343
343,304,1126063000,중랑구,묵2동,(45+0j),(4+0j),305,270,344
344,256,1141071000,서대문구,북가좌1동,(44+0j),(4+0j),257,322,345
345,361,1120081000,광진구,광장동,(47+0j),(5+0j),362,218,346
346,379,1165059000,서초구,방배본동,(48+0j),(5+0j),380,203,347
347,230,1153077000,구로구,오류1동,(44+0j),(3+0j),231,353,348
348,371,1130554500,강북구,송중동,(48+0j),(5+0j),372,213,349
349,250,1135061900,노원구,중계본동,(44+0j),(4+0j),251,335,350
350,287,1150059000,강서구,화곡본동,(45+0j),(4+0j),288,298,351
351,182,1147058000,양천구,신월3동,(43+0j),(2+0j),183,404,352
352,388,1126061000,중랑구,중화2동,(51+0j),(5+0j),389,202,353
353,292,1120057000,성동구,행당2동,(45+0j),(4+0j),293,299,354
354,273,1141066000,서대문구,홍은1동,(45+0j),(4+0j),274,320,355
355,180,1121575000,광진구,중곡2동,(43+0j),(2+0j),181,414,356
356,267,1171056100,송파구,방이1동,(45+0j),(4+0j),268,327,357
357,300,1156071000,영등포구,대림2동,(45+0j),(4+0j),301,295,358
358,194,1132068100,도봉구,쌍문4동,(43+0j),(2+0j),195,401,359
359,322,1111065000,종로구,혜화동,(46+0j),(4+0j),323,275,360
360,178,1111071000,종로구,숭인2동,(43+0j),(2+0j),179,420,361
361,225,1147060000,양천구,신월5동,(44+0j),(3+0j),226,374,362
362,203,1117058000,용산구,효창동,(44+0j),(3+0j),204,397,363
363,271,1132051200,도봉구,창2동,(45+0j),(4+0j),272,329,364
364,317,1156069000,영등포구,신길7동,(46+0j),(4+0j),318,290,365
365,356,1171063200,송파구,가락2동,(47+0j),(5+0j),357,252,366
366,209,1114064500,중구,청구동,(44+0j),(2+0j),210,400,367
367,293,1154568000,금천구,시흥2동,(45+0j),(4+0j),294,317,368
368,197,1111060000,종로구,가회동,(43+0j),(2+0j),198,413,369
369,316,1156058500,영등포구,도림동,(46+0j),(4+0j),317,294,370
370,257,1154562000,금천구,독산2동,(44+0j),(3+0j),258,354,371
371,226,1120058000,성동구,응봉동,(44+0j),(3+0j),227,388,372
372,351,1150064100,강서구,방화3동,(47+0j),(4+0j),352,264,373
373,261,1154564000,금천구,독산4동,(44+0j),(3+0j),262,357,374
374,247,1121583000,광진구,자양2동,(44+0j),(3+0j),248,375,375
375,381,1141070000,서대문구,남가좌2동,(49+0j),(5+0j),382,246,376
376,330,1162068500,관악구,신사동,(46+0j),(4+0j),331,300,377
377,405,1162058500,관악구,낙성대동,(53+0j),(5+0j),406,226,378
378,224,1114065000,중구,신당5동,(44+0j),(2+0j),225,408,379
379,223,1117066000,용산구,이태원2동,(44+0j),(2+0j),224,409,380
380,384,1153072000,구로구,고척1동,(49+0j),(5+0j),385,249,381
381,359,1114061500,중구,신당동,(47+0j),(4+0j),360,274,382
382,414,1156061000,영등포구,양평1동,(54+0j),(5+0j),415,221,383
383,366,1126055000,중랑구,면목5동,(48+0j),(4+0j),367,272,384
384,283,1111058000,종로구,교남동,(45+0j),(3+0j),284,355,385
385,269,1132051500,도봉구,창5동,(45+0j),(3+0j),270,370,386
386,393,1129068500,성북구,길음2동,(51+0j),(5+0j),394,250,387
387,245,1132051300,도봉구,창3동,(44+0j),(2+0j),246,399,388
388,265,1156066000,영등포구,신길4동,(45+0j),(3+0j),266,380,389
389,369,1111064000,종로구,이화동,(48+0j),(4+0j),370,278,390
390,345,1120086000,광진구,구의2동,(47+0j),(4+0j),346,309,391
391,346,1120087000,광진구,구의3동,(47+0j),(4+0j),347,310,392
392,290,1114062500,중구,다산동,(45+0j),(3+0j),291,367,393
393,347,1120073000,광진구,군자동,(47+0j),(4+0j),348,311,394
394,248,1153076000,구로구,개봉3동,(44+0j),(2+0j),249,411,395
395,363,1132051400,도봉구,창4동,(48+0j),(4+0j),364,296,396
396,254,1153059500,구로구,가리봉동,(44+0j),(2+0j),255,407,397
397,353,1120085000,광진구,구의1동,(47+0j),(4+0j),354,308,398
398,305,1114067000,중구,황학동,(45+0j),(3+0j),306,358,399
399,249,1111057000,종로구,무악동,(44+0j),(2+0j),250,415,400
400,260,1141065500,서대문구,홍제2동,(44+0j),(2+0j),261,412,401
401,413,1147059000,양천구,신월4동,(54+0j),(4+0j),414,260,402
402,313,1154570000,금천구,시흥4동,(46+0j),(3+0j),314,361,403
403,295,1129058000,성북구,돈암1동,(45+0j),(3+0j),296,381,404
404,272,1132068000,도봉구,쌍문3동,(45+0j),(2+0j),273,406,405
405,397,1138063200,은평구,신사2동,(51+0j),(4+0j),398,282,406
406,364,1121584000,광진구,자양3동,(48+0j),(4+0j),365,315,407
407,279,1171072000,송파구,잠실7동,(45+0j),(2+0j),280,402,408
408,278,1132070000,도봉구,방학2동,(45+0j),(2+0j),279,405,409
409,362,1132052200,도봉구,도봉2동,(48+0j),(4+0j),363,325,410
410,327,1111051500,종로구,청운효자동,(46+0j),(3+0j),328,360,411
411,354,1129057500,성북구,동선동,(47+0j),(4+0j),355,343,412
412,319,1171053100,송파구,거여1동,(46+0j),(3+0j),320,379,413
413,418,1138065000,은평구,수색동,(56.99999999999999+0j),(4+0j),419,283,414
414,355,1132067000,도봉구,쌍문2동,(47+0j),(3+0j),356,347,415
415,331,1150053000,강서구,등촌2동,(46+0j),(3+0j),332,393,416
416,402,1135062100,노원구,중계1동,(52+0j),(4+0j),403,326,417
417,306,1114066500,중구,동화동,(45+0j),(2+0j),307,424,418
418,336,1171051000,송파구,풍납1동,(46+0j),(3+0j),337,396,419
419,360,1120078000,광진구,능동,(47+0j),(3+0j),361,377,420
420,329,1121576000,광진구,중곡3동,(46+0j),(2+0j),330,410,421
421,406,1162066500,관악구,서림동,(53+0j),(4+0j),407,346,422
422,334,1111067000,종로구,창신1동,(46+0j),(2+0j),335,422,423
423,333,1111069000,종로구,창신3동,(46+0j),(1+0j),334,426,424
424,372,1171054000,송파구,마천1동,(48+0j),(3+0j),373,390,425
425,367,1111068000,종로구,창신2동,(48+0j),(1+0j),368,425,426
