자치구,행정동,CNG,LNG,경유,기타연료,수소,엘피지,전기,하이브리드,휘발유,합계,시군구명_x,행정동코드,읍면동명_x,생성일자_x,말소일자_x,시군구명_y,읍면동명_y,법정동코드,동리명,생성일자_y,말소일자_y
강남구,개포1동,124,0,2641,17,5,296,234,1126,5991,10434,강남구,1168066000,개포1동,19880423,,강남구,개포1동,1168010200,포이동,19880423,19880630
강남구,개포2동,38,0,3601,22,23,552,443,1761,9216,15656,강남구,1168067000,개포2동,19880423,,강남구,개포2동,1168010300,개포동,19880423,
강남구,개포3동,0,0,1007,6,8,212,74,363,2668,4338,강남구,1168067500,개포3동,20221223,,강남구,개포3동,1168010300,개포동,20221223,
강남구,개포4동,1,0,2481,14,11,349,188,740,4779,8563,강남구,1168069000,개포4동,19880701,,강남구,개포4동,1168010200,포이동,19880701,20080101
강남구,논현1동,1,0,3177,31,8,346,236,687,5385,9871,강남구,1168052100,논현1동,19921001,,강남구,논현1동,1168010800,논현동,19921001,
강남구,논현2동,0,0,3440,29,6,326,215,724,6038,10778,강남구,1168053100,논현2동,19921001,,강남구,논현2동,1168010800,논현동,19921001,
강남구,논현동,0,0,0,0,0,0,0,0,1,1,강남구,1168052000,논현동,19880423,19921001,강남구,논현동,1168010800,논현동,19880423,19921001
강남구,대치1동,12,0,3118,25,35,301,5532,1580,8027,18630,강남구,1168060000,대치1동,19880423,,강남구,대치1동,1168010600,대치동,19880423,
강남구,대치2동,6,0,3361,20,12,396,1677,1557,10546,17575,강남구,1168061000,대치2동,19880423,,강남구,대치2동,1168010600,대치동,19880423,
강남구,대치4동,1,0,1850,10,10,251,1622,791,7175,11710,강남구,1168063000,대치4동,19880701,,강남구,대치4동,1168010600,대치동,19880701,
강남구,도곡1동,0,0,2201,74,19,243,158,733,5030,8458,강남구,1168065500,도곡1동,19890101,,강남구,도곡1동,1168011800,도곡동,19890101,
강남구,도곡2동,0,0,3251,76,9,167,306,1434,8376,13619,강남구,1168065600,도곡2동,19890101,,강남구,도곡2동,1168011800,도곡동,19890101,
강남구,삼성1동,14,0,2494,70,14,284,245,662,4685,8468,강남구,1168058000,삼성1동,19880423,,강남구,삼성1동,1168010500,삼성동,19880423,
강남구,삼성2동,0,0,3236,22,5,259,306,1026,7285,12139,강남구,1168059000,삼성2동,19880423,,강남구,삼성2동,1168010500,삼성동,19880423,
강남구,세곡동,2,0,5568,56,24,1638,486,1494,9787,19055,강남구,1168070000,세곡동,19880423,,강남구,세곡동,1168011100,세곡동,19880423,
강남구,수서동,0,0,1864,3,4,463,109,417,2685,5545,강남구,1168075000,수서동,19921001,,강남구,수서동,1168011500,수서동,19921001,
강남구,신사동,0,0,2107,14,8,151,160,806,4545,7791,강남구,1168051000,신사동,19880423,,강남구,신사동,1168010700,신사동,19880423,
강남구,압구정동,0,0,2991,14,9,239,293,1289,7101,11936,강남구,1168001100,압구정동,19880423,19880630,강남구,압구정동,1168010700,신사동,19880423,19880630
강남구,역삼1동,4,0,5399,48,9,719,835,2226,9941,19181,강남구,1168064000,역삼1동,19880423,,강남구,역삼1동,1168010100,역삼동,19880423,
강남구,역삼2동,0,0,4466,36,24,402,425,1435,9072,15860,강남구,1168065000,역삼2동,19880423,,강남구,역삼2동,1168010100,역삼동,19880423,
강남구,일원1동,1,0,1295,6,8,661,178,290,2223,4662,강남구,1168073000,일원1동,19921001,,강남구,일원1동,1168011400,일원동,19921001,
강남구,일원2동,0,0,192,0,0,636,109,44,218,1199,강남구,1168074000,일원2동,19921001,20221223,강남구,일원2동,1168010300,개포동,19921001,20221223
강남구,일원본동,0,0,2108,11,13,498,152,888,4868,8538,강남구,1168072000,일원본동,19921001,,강남구,일원본동,1168011400,일원동,19921001,
강남구,청담동,4,0,3290,32,5,223,296,933,6826,11609,강남구,1168050200,청담동,19880423,19880630,강남구,청담동,1168010400,청담동,19880423,19880831
강동구,강일동,147,0,4060,27,27,1387,321,801,6317,13087,강동구,1174051500,강일동,20000101,,강동구,강일동,1174010300,상일동,20000101,20210701
강동구,고덕1동,1,0,2429,33,21,425,199,840,4662,8610,강동구,1174055000,고덕제1동,19880501,,강동구,고덕제1동,1174010200,고덕동,19880423,
강동구,고덕2동,0,0,2591,27,22,471,224,781,4659,8775,강동구,1174056000,고덕제2동,19880501,,강동구,고덕제2동,1174010200,고덕동,19880423,
강동구,길1동,0,0,1,0,0,0,0,0,0,1,강동구,1174067000,길제1동,19880501,20080707,강동구,길제1동,1174010500,길동,19880423,20080707
강동구,길동,1,0,4890,27,20,2240,488,910,7221,15797,강동구,1174068500,길동,20080707,,강동구,길동,1174010500,길동,20080707,
강동구,둔촌1동,0,0,186,0,0,318,15,12,122,653,강동구,1174069000,둔촌제1동,19880423,,강동구,둔촌제1동,1174010600,둔촌동,19880423,
강동구,둔촌2동,0,0,2523,16,7,590,109,607,4292,8144,강동구,1174070000,둔촌제2동,19880423,,강동구,둔촌제2동,1174010500,길동,19880423,20070501
강동구,명일1동,0,0,2322,23,15,565,135,682,4552,8294,강동구,1174053000,명일제1동,19880501,,강동구,명일제1동,1174010100,명일동,19880501,
강동구,명일2동,1,0,1475,12,10,293,85,543,3354,5773,강동구,1174054000,명일제2동,19880423,,강동구,명일제2동,1174010100,명일동,19880423,
강동구,상일동,0,0,2292,15,22,401,57,496,4136,7419,강동구,1174052000,상일동,19880423,20210701,강동구,상일동,1174010300,상일동,19880423,20210701
강동구,상일제1동,1,0,1732,31,19,342,321,924,3781,7151,강동구,1174052500,상일제1동,20210701,,강동구,상일제1동,1174010300,상일동,20210701,
강동구,상일제2동,0,0,687,4,7,165,55,159,1076,2153,강동구,1174052600,상일제2동,20210701,,강동구,상일제2동,1174010300,상일동,20210701,
강동구,성내1동,0,0,2839,20,15,583,114,548,4030,8149,강동구,1174064000,성내제1동,19880423,,강동구,성내제1동,1174010800,성내동,19880423,
강동구,성내2동,11,0,2210,6,17,544,146,369,3149,6452,강동구,1174065000,성내제2동,19880423,,강동구,성내제2동,1174010800,성내동,19880423,
강동구,성내3동,3,0,2253,12,7,525,110,403,3483,6796,강동구,1174066000,성내제3동,19880423,,강동구,성내제3동,1174010800,성내동,19880423,
강동구,암사1동,2,0,3376,12,8,1027,139,602,5087,10253,강동구,1174057000,암사제1동,19880423,,강동구,암사제1동,1174010700,암사동,19880423,
강동구,암사2동,0,0,1454,14,3,340,111,371,2667,4960,강동구,1174058000,암사제2동,19880423,,강동구,암사제2동,1174010700,암사동,19880423,
강동구,암사3동,0,0,1688,19,6,334,81,583,3486,6197,강동구,1174059000,암사제3동,19880423,,강동구,암사제3동,1174010700,암사동,19880423,
강동구,천호1동,1,0,3237,29,14,865,106,430,3959,8641,강동구,1174060000,천호제1동,19880423,,강동구,천호제1동,1174010900,천호동,19880423,
강동구,천호2동,0,0,3267,24,12,849,120,571,4753,9596,강동구,1174061000,천호제2동,19880423,,강동구,천호제2동,1174000300,풍납동,19880423,19880423
강동구,천호3동,3,0,2317,12,7,561,126,503,4030,7559,강동구,1174062000,천호제3동,19880423,,강동구,천호제3동,1174010900,천호동,19880423,
강동구,하일동,0,0,5,0,0,1,0,0,1,7,강동구,1174051000,하일동,19880423,19991231,강동구,하일동,1174010300,상일동,19880423,19991231
강북구,미아동,1,0,1675,1,3,413,70,225,2340,4728,강북구,1130553500,미아동,20080630,,강북구,미아동,1130510100,미아동,20080630,
강북구,번1동,7,0,1453,8,2,556,69,177,2075,4347,강북구,1130559500,번1동,20190101,,강북구,번1동,1130510200,번동,20190101,
강북구,번2동,32,0,1213,5,1,398,81,152,1721,3603,강북구,1130560300,번2동,20190101,,강북구,번2동,1130510200,번동,20190101,
강북구,번3동,155,0,1370,4,4,592,164,212,2040,4541,강북구,1130560800,번3동,20190101,,강북구,번3동,1130510200,번동,20190101,
강북구,삼각산동,0,0,2749,28,6,570,157,739,5259,9508,강북구,1130557500,삼각산동,20080630,,강북구,삼각산동,1130510100,미아동,20080630,
강북구,삼양동,1,0,2041,10,6,546,95,300,2845,5844,강북구,1130553400,삼양동,20080630,,강북구,삼양동,1130510100,미아동,20080630,
강북구,송중동,1,0,2306,12,3,590,81,402,3604,6999,강북구,1130554500,송중동,20080630,,강북구,송중동,1130510100,미아동,20080630,
강북구,송천동,0,0,2080,3,4,485,57,257,2768,5654,강북구,1130555500,송천동,20080630,,강북구,송천동,1130510100,미아동,20080630,
강북구,수유1동,218,0,1893,4,1,603,96,220,2407,5442,강북구,1130561500,수유1동,20190101,,강북구,수유1동,1130510300,수유동,20190101,
강북구,수유2동,0,0,1805,4,2,461,69,267,2667,5275,강북구,1130562500,수유2동,20190101,,강북구,수유2동,1130510300,수유동,20190101,
강북구,수유3동,9,0,1778,2,3,455,62,218,2437,4964,강북구,1130563500,수유3동,20190101,,강북구,수유3동,1130510300,수유동,20190101,
강북구,우이동,166,0,2026,7,2,506,84,249,2808,5848,강북구,1130564500,우이동,20080630,,강북구,우이동,1130510300,수유동,20080630,
강북구,인수동,1,0,2614,12,4,783,131,318,3548,7411,강북구,1130566000,인수동,20080630,,강북구,인수동,1130510300,수유동,20080630,
강서구,가양1동,11,0,8241,42,62,1653,734,2039,11490,24272,강서구,1150060300,가양제1동,19930401,,강서구,가양제1동,1150010400,가양동,19930401,
강서구,가양2동,0,0,1121,3,4,379,45,245,2120,3917,강서구,1150060400,가양제2동,19930401,,강서구,가양제2동,1150010400,가양동,19930401,
강서구,가양3동,1,0,1776,3,7,533,103,325,2827,5575,강서구,1150060500,가양제3동,19930401,,강서구,가양제3동,1150010100,염창동,19930401,20140401
강서구,공항동,6,0,4191,31,8,865,308,594,5163,11166,강서구,1150062000,공항동,19880423,,강서구,공항동,1150010500,마곡동,20140514,
강서구,등촌1동,1,0,2978,19,8,729,196,721,4981,9633,강서구,1150052000,등촌제1동,19880423,,강서구,등촌제1동,1150010200,등촌동,19880423,
강서구,등촌2동,1,0,2111,6,6,488,89,482,3734,6917,강서구,1150053000,등촌제2동,19880423,,강서구,등촌제2동,1150010200,등촌동,19880423,
강서구,등촌3동,2,0,3273,12,10,805,220,735,5998,11055,강서구,1150053500,등촌제3동,19951201,,강서구,등촌제3동,1150010200,등촌동,19951201,
강서구,발산1동,64,0,4780,105,35,1448,282,958,6363,14035,강서구,1150061100,발산제1동,19890901,,강서구,발산제1동,1150010500,마곡동,20140514,
강서구,방화1동,40,0,4887,27,30,1254,279,1049,7491,15057,강서구,1150063000,방화제1동,19880423,,강서구,방화제1동,1150010500,마곡동,20140514,
강서구,방화2동,144,0,2877,12,14,2048,327,394,3679,9495,강서구,1150064000,방화제2동,19880423,,강서구,방화제2동,1150010900,방화동,19880423,
강서구,방화3동,32,0,2105,10,5,735,86,441,3798,7212,강서구,1150064100,방화제3동,19941101,,강서구,방화제3동,1150010900,방화동,19941101,
강서구,염창동,0,0,4588,28,19,1002,316,1330,8329,15612,강서구,1150051000,염창동,19880423,,강서구,염창동,1150010100,염창동,19880423,
강서구,우장산동,1,0,4129,32,10,853,196,1189,8091,14501,강서구,1150061500,우장산동,20080825,,강서구,우장산동,1150010300,화곡동,20080825,
강서구,화곡1동,2,0,5305,30,13,1572,154,746,7840,15662,강서구,1150054000,화곡제1동,19880423,,강서구,화곡제1동,1150010300,화곡동,19880423,
강서구,화곡2동,0,0,1665,10,3,410,57,210,2411,4766,강서구,1150055000,화곡제2동,19880423,,강서구,화곡제2동,1150010300,화곡동,19880423,
강서구,화곡3동,0,0,1829,15,10,395,62,437,3576,6324,강서구,1150056000,화곡제3동,19880423,,강서구,화곡제3동,1150010300,화곡동,19880423,
강서구,화곡4동,1,0,2027,14,6,521,76,264,2870,5779,강서구,1150057000,화곡제4동,19880423,,강서구,화곡제4동,1150010300,화곡동,19880423,
강서구,화곡6동,4,0,2418,21,4,698,93,516,4505,8259,강서구,1150059100,화곡제6동,19910907,,강서구,화곡제6동,1150010300,화곡동,19910907,
강서구,화곡8동,4,0,1930,10,4,467,81,304,3186,5986,강서구,1150059300,화곡제8동,19910907,,강서구,화곡제8동,1150010300,화곡동,19910907,
강서구,화곡본동,0,0,2980,11,7,791,90,440,4808,9127,강서구,1150059000,화곡본동,19880423,,강서구,화곡본동,1150010300,화곡동,19880423,
관악구,낙성대동,17,0,1155,12,2,349,69,283,1945,3832,관악구,1162058500,낙성대동,20080901,,관악구,낙성대동,1162010100,봉천동,20080901,
관악구,난곡동,1,0,2251,7,2,520,66,324,3025,6196,관악구,1162077500,난곡동,20080901,,관악구,난곡동,1162010200,신림동,20080901,
관악구,난향동,1,0,1551,8,7,352,76,338,2440,4773,관악구,1162071500,난향동,20080901,,관악구,난향동,1162010200,신림동,20080901,
관악구,남현동,0,0,1489,4,5,309,70,386,2764,5027,관악구,1162063000,남현동,19880423,,관악구,남현동,1162010300,남현동,19880423,
관악구,대학동,133,0,1412,6,3,426,138,290,2655,5063,관악구,1162073500,대학동,20080901,,관악구,대학동,1162010200,신림동,20080901,
관악구,미성동,0,0,2850,14,6,629,103,498,4168,8268,관악구,1162076500,미성동,20080901,,관악구,미성동,1162010200,신림동,20080901,
관악구,보라매동,8,0,2175,6,2,572,138,336,3152,6389,관악구,1162052500,보라매동,20080901,,관악구,보라매동,1162010100,봉천동,20080901,
관악구,삼성동,0,0,1844,12,7,562,72,340,2806,5643,관악구,1162074500,삼성동,20080901,,관악구,삼성동,1162010200,신림동,20080901,
관악구,서림동,0,0,1594,3,2,720,98,278,2794,5489,관악구,1162066500,서림동,20080901,,관악구,서림동,1162010200,신림동,20080901,
관악구,서원동,9,0,1662,14,1,441,84,248,2522,4981,관악구,1162064500,서원동,20080901,,관악구,서원동,1162010200,신림동,20080901,
관악구,성현동,1,0,2496,21,7,541,128,640,4583,8417,관악구,1162056500,성현동,20080901,,관악구,성현동,1162010100,봉천동,20080901,
관악구,신림동,26,0,1441,5,3,493,111,225,2254,4558,관악구,1162069500,신림동,20080901,,관악구,신림동,1162010200,신림동,20080901,
관악구,신사동,0,0,1732,13,3,334,51,240,2534,4907,은평구,1138063000,신사동,19880423,19910806,은평구,신사동,1138010900,신사동,19880423,19910806
관악구,신원동,0,0,1075,0,1,279,38,183,1726,3302,관악구,1162065500,신원동,20080901,,관악구,신원동,1162010200,신림동,20080901,
관악구,은천동,4,0,2659,14,4,726,119,589,4477,8592,관악구,1162060500,은천동,20080901,,관악구,은천동,1162010100,봉천동,20080901,
관악구,인헌동,0,0,1879,5,5,421,68,368,2998,5744,관악구,1162062500,인헌동,20080901,,관악구,인헌동,1162010100,봉천동,20080901,
관악구,조원동,4,0,2155,10,2,434,103,307,2712,5727,관악구,1162072500,조원동,20080901,,관악구,조원동,1162010200,신림동,20080901,
관악구,중앙동,0,0,919,3,2,229,33,167,1576,2929,관악구,1162061500,중앙동,20080901,,관악구,중앙동,1162010100,봉천동,20080901,
관악구,청룡동,4,0,2298,7,2,469,172,551,4070,7573,관악구,1162059500,청룡동,20080901,,관악구,청룡동,1162010100,봉천동,20080901,
관악구,청림동,0,0,1202,7,2,258,45,368,2393,4275,관악구,1162054500,청림동,20080901,,관악구,청림동,1162010100,봉천동,20080901,
관악구,행운동,1,0,1784,14,10,432,77,414,3390,6122,관악구,1162057500,행운동,20080901,,관악구,행운동,1162010100,봉천동,20080901,
광진구,광장동,7,0,3162,27,11,381,183,1103,6762,11636,성동구,1120081000,광장동,19880423,19890427,성동구,광장동,1120012300,광장동,19880423,19950301
광진구,구의1동,2,0,2448,18,10,501,94,421,3531,7025,성동구,1120085000,구의제1동,19880501,19950301,성동구,구의제1동,1120012400,구의동,19880501,19950301
광진구,구의2동,0,0,2429,16,6,580,104,504,3634,7273,성동구,1120086000,구의제2동,19880501,19950301,성동구,구의제2동,1120012100,능동,19880423,19950301
광진구,구의3동,3,0,2515,10,9,441,112,689,5223,9002,성동구,1120087000,구의제3동,19920701,19950301,성동구,구의제3동,1120012300,광장동,19920701,19950301
광진구,군자동,0,0,1761,8,3,393,84,267,2380,4896,성동구,1120073000,군자동,19880423,19950301,성동구,군자동,1120011900,군자동,19880423,19950301
광진구,능동,0,0,1007,7,1,196,45,192,1593,3041,성동구,1120078000,능동,19880423,19890427,성동구,능동,1120012100,능동,19880423,19950301
광진구,자양1동,117,0,2559,25,6,580,145,393,3250,7075,광진구,1121582000,자양제1동,19950301,,광진구,자양제1동,1121510500,자양동,19950301,
광진구,자양2동,0,0,3009,11,2,460,84,495,3522,7583,광진구,1121583000,자양제2동,19950301,,광진구,자양제2동,1121510500,자양동,19950301,
광진구,자양3동,5,0,2592,19,7,385,163,699,5045,8915,광진구,1121584000,자양제3동,19950301,,광진구,자양제3동,1121510500,자양동,19950301,
광진구,자양4동,1,0,1903,11,2,368,80,365,2933,5663,광진구,1121584700,자양제4동,20080101,,광진구,자양제4동,1121510500,자양동,20080101,
광진구,중곡1동,12,0,1757,9,1,511,64,218,2108,4680,광진구,1121574000,중곡제1동,19950301,,광진구,중곡제1동,1121510100,중곡동,19950301,
광진구,중곡2동,5,0,1783,6,1,397,53,287,2535,5067,광진구,1121575000,중곡제2동,19950301,,광진구,중곡제2동,1121510100,중곡동,19950301,
광진구,중곡3동,0,0,1416,6,2,395,52,207,1933,4011,광진구,1121576000,중곡제3동,19950301,,광진구,중곡제3동,1121510100,중곡동,19950301,
광진구,중곡4동,0,0,2548,7,4,619,99,359,3598,7234,광진구,1121577000,중곡제4동,19950301,,광진구,중곡제4동,1121510100,중곡동,19950301,
광진구,화양동,0,0,1233,6,2,460,57,190,2104,4052,광진구,1121571000,화양동,19950301,,광진구,화양동,1121510700,화양동,19950301,
구로구,가리봉동,0,0,1277,2,2,175,17,95,1229,2797,구로구,1153059500,가리봉동,20080501,,구로구,가리봉동,1153010300,가리봉동,20080501,
구로구,개봉1동,71,0,3790,32,9,882,190,605,5459,11038,구로구,1153074000,개봉제1동,19880423,,구로구,개봉제1동,1153010700,개봉동,19880423,
구로구,개봉2동,1,0,2922,22,3,690,103,648,4761,9150,구로구,1153075000,개봉제2동,19880423,,구로구,개봉제2동,1153010700,개봉동,19880423,
구로구,개봉3동,5,0,2066,10,3,444,39,282,2819,5668,구로구,1153076000,개봉제3동,19880423,,구로구,개봉제3동,1153010700,개봉동,19880423,
구로구,개봉본동,0,0,13,0,0,1,0,0,3,17,구로구,1153076500,개봉본동,19941101,20081229,구로구,개봉본동,1153010700,개봉동,19941101,20081229
구로구,고척1동,2,0,3160,20,2,622,163,684,4774,9427,구로구,1153072000,고척제1동,19880423,,구로구,고척제1동,1153010600,고척동,19880423,
구로구,고척2동,8,0,2943,15,11,662,100,490,4301,8530,구로구,1153073000,고척제2동,19880423,,구로구,고척제2동,1153010600,고척동,19880423,
구로구,구로1동,22,0,5044,41,13,1499,1829,1039,6708,16195,구로구,1153052000,구로제1동,19880423,,구로구,구로제1동,1153010200,구로동,19880423,
구로구,구로2동,11,0,4903,36,5,590,238,501,4369,10653,구로구,1153053000,구로제2동,19880423,,구로구,구로제2동,1153010200,구로동,19880423,
구로구,구로3동,64,0,3168,15,46,473,201,504,4469,8940,구로구,1153054000,구로제3동,19880423,,구로구,구로제3동,1153010200,구로동,19880423,
구로구,구로4동,73,0,2130,4,50,389,1797,280,2674,7397,구로구,1153055000,구로제4동,19880423,,구로구,구로제4동,1153010200,구로동,19880423,
구로구,구로5동,5,0,3641,27,8,1361,261,782,5779,11864,구로구,1153056000,구로제5동,19880423,,구로구,구로제5동,1153010200,구로동,19880423,
구로구,구로본동,0,0,25,0,0,1,0,0,14,40,구로구,1153056500,구로본동,19910907,20081229,구로구,구로본동,1153010200,구로동,19910907,20081229
구로구,수궁동,18,0,2852,14,5,800,92,456,3836,8073,구로구,1153079000,수궁동,19880701,,구로구,수궁동,1153010900,궁동,19880701,
구로구,신도림동,15,0,3783,30,11,575,192,1095,7292,12993,구로구,1153051000,신도림동,19880423,,구로구,신도림동,1153010100,신도림동,19880423,
구로구,오류1동,0,0,2247,10,7,725,93,394,3534,7010,구로구,1153077000,오류제1동,19880423,,구로구,오류제1동,1153010800,오류동,19880423,
구로구,오류2동,1,0,4434,37,14,1291,176,705,6469,13127,구로구,1153078000,오류제2동,19880423,,구로구,오류제2동,1153010800,오류동,19880423,
구로구,항동,0,0,1554,36,11,246,134,393,2224,4598,구로구,1153080000,항동,20200101,,구로구,항동,1153011200,항동,20200101,
금천구,가산동,152,0,8558,76,15,921,407,1447,9882,21458,금천구,1154551000,가산동,19950301,,금천구,가산동,1154510100,가산동,19950301,
금천구,독산1동,29,0,6020,29,14,1869,294,1274,8772,18301,금천구,1154561000,독산제1동,19950301,,금천구,독산제1동,1154510200,독산동,19950301,
금천구,독산1동분소,0,0,1,0,0,0,0,0,0,1,금천구,1154561500,독산제1동분소,19950301,20060123,금천구,독산제1동분소,1154510200,독산동,19950301,20060123
금천구,독산2동,1,0,1950,6,2,415,56,226,2424,5080,금천구,1154562000,독산제2동,19950301,,금천구,독산제2동,1154510200,독산동,19950301,
금천구,독산3동,4,0,3035,11,5,557,81,421,3741,7855,금천구,1154563000,독산제3동,19950301,,금천구,독산제3동,1154510200,독산동,19950301,
금천구,독산4동,1,0,1823,7,0,335,43,201,2089,4499,금천구,1154564000,독산제4동,19950301,,금천구,독산제4동,1154510200,독산동,19950301,
금천구,시흥1동,3,0,4575,14,10,939,189,686,5431,11847,금천구,1154567000,시흥제1동,19950301,,금천구,시흥제1동,1154510300,시흥동,19950301,
금천구,시흥2동,0,0,2201,18,9,538,103,501,3765,7135,금천구,1154568000,시흥제2동,19950301,,금천구,시흥제2동,1154510300,시흥동,19950301,
금천구,시흥3동,0,0,1823,3,2,356,64,214,1877,4339,금천구,1154569000,시흥제3동,19950301,,금천구,시흥제3동,1154510300,시흥동,19950301,
금천구,시흥4동,1,0,2344,5,4,534,60,326,2843,6117,금천구,1154570000,시흥제4동,19950301,,금천구,시흥제4동,1154510300,시흥동,19950301,
금천구,시흥5동,188,0,1898,13,3,453,86,274,2364,5279,금천구,1154571000,시흥제5동,19950301,,금천구,시흥제5동,1154510300,시흥동,19950301,
노원구,공릉1.3동,0,0,14,0,0,8,0,0,17,39,노원구,1135060500,공릉1.3동,20080101,20110623,노원구,공릉1.3동,1135010300,공릉동,20080101,20110623
노원구,공릉1동,62,0,3593,22,9,1342,169,620,5116,10933,노원구,1135059500,공릉1동,20110623,,노원구,공릉1동,1135010300,공릉동,20110623,
노원구,공릉2동,2,0,3947,49,17,1030,192,1047,6923,13207,노원구,1135060000,공릉2동,19880423,,노원구,공릉2동,1135010300,공릉동,19880423,
노원구,상계10동,2,0,1456,8,3,434,59,353,3033,5348,노원구,1135072000,상계10동,19890901,,노원구,상계10동,1135010500,상계동,19890901,
노원구,상계1동,15,0,4149,28,5,2121,357,713,6297,13685,노원구,1135063000,상계1동,19880423,,노원구,상계1동,1135010500,상계동,19880514,
노원구,상계2동,0,0,1818,11,2,677,138,365,2964,5975,노원구,1135064000,상계2동,19880423,,노원구,상계2동,1135010500,상계동,19880423,
노원구,상계3.4동,310,0,2948,24,3,762,166,454,4095,8762,노원구,1135066500,상계3.4동,20080101,,노원구,상계3.4동,1135010500,상계동,20080101,
노원구,상계5동,0,0,2000,8,1,605,73,273,2898,5858,노원구,1135067000,상계5동,19880423,,노원구,상계5동,1135010500,상계동,19880423,
노원구,상계6.7동,9,0,2471,6,4,789,103,540,5002,8924,노원구,1135069500,상계6.7동,20080101,,노원구,상계6.7동,1135010500,상계동,20080101,
노원구,상계8동,0,0,1675,5,3,560,66,442,3653,6404,노원구,1135070000,상계8동,19890601,,노원구,상계8동,1135010500,상계동,19890601,
노원구,상계9동,12,0,1624,16,4,521,63,330,3172,5742,노원구,1135071000,상계9동,19890901,,노원구,상계9동,1135010500,상계동,19890901,
노원구,월계1동,123,0,2169,20,1,743,103,366,3021,6546,노원구,1135056000,월계1동,19880423,,노원구,월계1동,1135010200,월계동,19880423,
노원구,월계2동,0,0,2349,13,1,852,124,405,3953,7697,노원구,1135057000,월계2동,19880423,,노원구,월계2동,1135010200,월계동,19880423,
노원구,월계3동,4,0,2684,23,8,755,112,534,4670,8790,노원구,1135058000,월계3동,19880501,,노원구,월계3동,1135010200,월계동,19880501,
노원구,월계4동,0,0,3,0,0,0,0,0,1,4,노원구,1135058100,월계4동,19941101,20090101,노원구,월계4동,1135010200,월계동,19941101,20090101
노원구,중계1동,2,0,2445,16,2,539,94,679,4780,8557,노원구,1135062100,중계1동,19890901,,노원구,중계1동,1135010600,중계동,19890901,
노원구,중계2.3동,1,0,2487,21,2,885,111,555,4342,8404,노원구,1135062500,중계2.3동,20090101,,노원구,중계2.3동,1135010600,중계동,20090101,
노원구,중계4동,2,0,1777,13,2,472,86,362,2976,5690,노원구,1135062400,중계4동,19920701,,노원구,중계4동,1135010500,상계동,19920701,
노원구,중계본동,0,0,2339,15,9,518,105,560,4259,7805,노원구,1135061900,중계본동,19920701,,노원구,중계본동,1135010600,중계동,19920701,
노원구,하계1동,5,0,2162,11,5,549,84,598,3987,7401,노원구,1135061100,하계1동,19890901,,노원구,하계1동,1135010400,하계동,19890901,
노원구,하계2동,1,0,1738,12,3,450,62,438,3534,6238,노원구,1135061200,하계2동,19890901,,노원구,하계2동,1135010400,하계동,19890901,
도봉구,도봉1동,237,0,2283,8,3,933,186,240,2686,6576,도봉구,1132052100,도봉제1동,19890101,,도봉구,도봉제1동,1132010800,도봉동,19890101,
도봉구,도봉2동,0,0,2683,13,2,877,124,475,4290,8464,도봉구,1132052200,도봉제2동,19890101,,도봉구,도봉제2동,1132010800,도봉동,19890101,
도봉구,방학1동,11,0,2986,22,7,1692,300,473,4543,10034,도봉구,1132069000,방학제1동,19880423,,도봉구,방학제1동,1132010600,방학동,19880423,
도봉구,방학2동,0,0,1707,6,2,527,74,170,2194,4680,도봉구,1132070000,방학제2동,19880423,,도봉구,방학제2동,1132010600,방학동,19880423,
도봉구,방학3동,0,0,2555,25,4,832,169,450,4325,8360,도봉구,1132071000,방학제3동,19880701,,도봉구,방학제3동,1132010600,방학동,19880701,
도봉구,쌍문1동,13,0,2172,18,6,710,88,309,3059,6375,도봉구,1132066000,쌍문제1동,19880423,,도봉구,쌍문제1동,1132010500,쌍문동,19880423,
도봉구,쌍문2동,0,0,1690,8,3,469,54,214,2441,4879,도봉구,1132067000,쌍문제2동,19880423,,도봉구,쌍문제2동,1132010500,쌍문동,19880423,
도봉구,쌍문3동,1,0,1281,5,0,337,42,228,2066,3960,도봉구,1132068000,쌍문제3동,19880423,,도봉구,쌍문제3동,1132010500,쌍문동,19880423,
도봉구,쌍문4동,0,0,1678,11,3,455,49,295,2880,5371,도봉구,1132068100,쌍문제4동,19910907,,도봉구,쌍문제4동,1132010500,쌍문동,19910907,
도봉구,창1동,31,0,2828,15,4,990,125,486,3849,8328,도봉구,1132051100,창제1동,19890101,,도봉구,창제1동,1132010700,창동,19890101,
도봉구,창2동,0,0,2817,14,5,698,105,418,3895,7952,도봉구,1132051200,창제2동,19890101,,도봉구,창제2동,1132010700,창동,19890101,
도봉구,창3동,1,0,1321,6,4,373,48,164,1693,3610,도봉구,1132051300,창제3동,19890101,,도봉구,창제3동,1132010700,창동,19890101,
도봉구,창4동,1,0,2345,24,1,646,122,625,4836,8600,도봉구,1132051400,창제4동,19890101,,도봉구,창제4동,1132010700,창동,19890101,
도봉구,창5동,0,0,2221,10,3,585,84,506,4267,7676,도봉구,1132051500,창제5동,19910907,,도봉구,창제5동,1132010700,창동,19910907,
동대문구,답십리1동,10,0,3080,21,4,740,208,758,5030,9851,동대문구,1123060000,답십리제1동,19880423,,동대문구,답십리제1동,1123010400,전농동,20141030,20150713
동대문구,답십리2동,1,0,2870,12,4,689,128,586,4512,8802,동대문구,1123061000,답십리제2동,19880423,,동대문구,답십리제2동,1123010500,답십리동,20090504,
동대문구,용신동,10,0,4497,28,5,661,242,795,6084,12322,동대문구,1123053600,용신동,20090504,,동대문구,용신동,1123010100,신설동,20090504,
동대문구,이문1동,0,0,1305,9,3,303,58,228,2036,3942,동대문구,1123074000,이문제1동,19880423,,동대문구,이문제1동,1123011000,이문동,20090504,
동대문구,이문2동,0,0,1695,12,4,413,60,343,2878,5405,동대문구,1123075000,이문제2동,19880423,,동대문구,이문제2동,1123011000,이문동,20090504,
동대문구,장안1동,0,0,4721,37,8,1180,181,796,6368,13291,동대문구,1123065000,장안제1동,19880423,,동대문구,장안제1동,1123010600,장안동,20090504,
동대문구,장안2동,2,0,3829,42,4,820,145,654,5325,10821,동대문구,1123066000,장안제2동,19880423,,동대문구,장안제2동,1123010600,장안동,20090504,
동대문구,전농1동,0,0,2993,25,4,602,165,647,4695,9131,동대문구,1123056000,전농제1동,19880423,,동대문구,전농제1동,1123010400,전농동,20090504,
동대문구,전농2동,1,0,1738,7,11,425,77,363,2840,5462,동대문구,1123057000,전농제2동,19880423,,동대문구,전농제2동,1123010400,전농동,20090504,
동대문구,제기동,0,0,2288,15,3,455,88,308,3024,6181,동대문구,1123054500,제기동,20090504,,동대문구,제기동,1123010300,제기동,20090504,
동대문구,청량리동,0,0,1665,9,5,485,71,270,2477,4982,동대문구,1123070500,청량리동,20080811,,동대문구,청량리동,1123010700,청량리동,20080811,
동대문구,회기동,0,0,614,6,3,143,29,135,1129,2059,동대문구,1123071000,회기동,19880423,,동대문구,회기동,1123010800,회기동,19880423,
동대문구,휘경1동,6,0,1382,7,2,322,74,223,1953,3969,동대문구,1123072000,휘경제1동,19880423,,동대문구,휘경제1동,1123010900,휘경동,19880423,
동대문구,휘경2동,15,0,2050,10,5,488,93,421,3262,6344,동대문구,1123073000,휘경제2동,19880423,,동대문구,휘경제2동,1123000100,면목동,19880423,19921001
동작구,노량진1동,6,0,2580,19,14,538,145,672,4908,8882,동작구,1159051000,노량진제1동,19880423,,동작구,노량진제1동,1159010100,노량진동,19880423,
동작구,노량진2동,0,0,823,3,3,157,47,125,1058,2216,동작구,1159052000,노량진제2동,19880423,,동작구,노량진제2동,1159010100,노량진동,19880423,
동작구,대방동,8,0,2920,19,11,636,135,745,5767,10241,동작구,1159066000,대방동,19880423,,동작구,대방동,1159010800,대방동,19880423,
동작구,사당1동,6,0,1769,10,6,341,76,340,2903,5451,동작구,1159062000,사당제1동,19880423,,동작구,사당제1동,1159010700,사당동,19880423,
동작구,사당2동,0,0,2205,15,7,401,119,723,4815,8285,동작구,1159063000,사당제2동,19880423,,동작구,사당제2동,1159010600,동작동,20080901,
동작구,사당3동,1,0,1932,10,9,373,96,584,3988,6993,동작구,1159064000,사당제3동,19880423,,동작구,사당제3동,1159010700,사당동,19880423,
동작구,사당4동,0,0,1104,2,3,272,47,207,1836,3471,동작구,1159065000,사당제4동,19880423,,동작구,사당제4동,1159010700,사당동,19880423,
동작구,사당5동,1,0,1203,4,6,236,73,331,2276,4130,동작구,1159065100,사당제5동,19920701,,동작구,사당제5동,1159010700,사당동,19920701,
동작구,상도1동,2,0,3232,20,11,794,199,1084,6926,12268,동작구,1159053000,상도제1동,19880423,,동작구,상도제1동,1159010200,상도동,19880423,
동작구,상도2동,0,0,2125,12,7,375,154,741,4742,8156,동작구,1159054000,상도제2동,19880423,,동작구,상도제2동,1159010200,상도동,19880423,
동작구,상도3동,0,0,1902,6,8,498,64,332,2890,5700,동작구,1159055000,상도제3동,19880423,,동작구,상도제3동,1159010200,상도동,19880423,
동작구,상도4동,8,0,2257,10,11,562,104,408,3586,6946,동작구,1159056000,상도제4동,19880423,,동작구,상도제4동,1159010200,상도동,19880423,
동작구,신대방1동,0,0,2598,14,10,373,120,526,4058,7699,동작구,1159067000,신대방제1동,19880423,,동작구,신대방제1동,1159010900,신대방동,19880423,
동작구,신대방2동,1,0,1978,9,9,387,102,439,3500,6425,동작구,1159068000,신대방제2동,19880423,,동작구,신대방제2동,1159010900,신대방동,19880423,
동작구,흑석동,9,0,2545,16,13,347,199,969,5343,9441,동작구,1159060500,흑석동,20080201,,동작구,흑석동,1159010500,흑석동,20080201,
마포구,공덕동,0,0,3842,23,12,574,212,889,6224,11776,마포구,1144056500,공덕동,20080107,,마포구,공덕동,1144010100,아현동,20080107,
마포구,노고산동,0,0,1,0,0,0,0,0,0,1,마포구,1144062000,노고산동,19880423,20070101,마포구,노고산동,1144010800,대흥동,19880423,20070101
마포구,대흥동,1,0,1123,9,3,231,69,286,2141,3863,마포구,1144060000,대흥동,19880423,,마포구,대흥동,1144010800,대흥동,19880423,
마포구,도화2동,0,0,1,0,0,0,0,0,0,1,마포구,1144058000,도화제2동,19880423,20070101,마포구,도화제2동,1144010400,도화동,19880423,20070101
마포구,도화동,1,0,2384,30,6,315,108,658,4307,7809,마포구,1144058500,도화동,20070101,,마포구,도화동,1144010400,도화동,20070101,
마포구,망원1동,0,0,1834,14,9,653,163,315,2653,5641,마포구,1144069000,망원제1동,19880423,,마포구,망원제1동,1144012300,망원동,19880423,
마포구,망원2동,23,0,1886,23,5,388,67,313,2630,5335,마포구,1144070000,망원제2동,19880423,,마포구,망원제2동,1144012300,망원동,19880423,
마포구,상암동,167,0,3246,31,47,839,294,768,5565,10957,마포구,1144074000,상암동,19880423,,마포구,상암동,1144012700,상암동,19880423,
마포구,서강동,13,0,2119,20,16,321,132,676,4348,7645,마포구,1144065500,서강동,20070101,,마포구,서강동,1144011400,창전동,20070101,
마포구,서교동,0,0,2890,19,11,554,152,547,4724,8897,마포구,1144066000,서교동,19880423,,마포구,서교동,1144011000,노고산동,20080107,
마포구,성산1동,1,0,2254,10,7,401,99,380,3007,6159,마포구,1144072000,성산제1동,19880423,,마포구,성산제1동,1144012500,성산동,19880423,
마포구,성산2동,16,0,3452,20,20,794,197,744,6021,11264,마포구,1144073000,성산제2동,19880423,,마포구,성산제2동,1144012500,성산동,19880423,
마포구,신수동,0,0,2100,9,8,317,140,601,4080,7255,마포구,1144063000,신수동,19880423,,마포구,신수동,1144010800,대흥동,20070101,
마포구,아현동,0,0,2380,17,13,265,198,1021,5826,9720,마포구,1144055500,아현동,20080107,,마포구,아현동,1144010100,아현동,20080107,
마포구,연남동,10,0,1217,6,4,212,76,262,2140,3927,마포구,1144071000,연남동,19880423,,마포구,연남동,1144012400,연남동,19880423,
마포구,염리동,0,0,1686,24,6,212,237,440,2758,5363,마포구,1144061000,염리동,19880423,,마포구,염리동,1144010200,공덕동,20150723,
마포구,용강동,0,0,3295,21,10,391,203,793,5367,10080,마포구,1144059000,용강동,19880423,,마포구,용강동,1144010400,도화동,20070101,
마포구,합정동,1,0,2256,6,9,321,104,377,2848,5922,마포구,1144068000,합정동,19880423,,마포구,합정동,1144012200,합정동,19880423,
서대문구,남가좌1동,65,0,1582,24,10,255,132,565,3240,5873,서대문구,1141069000,남가좌제1동,19880423,,서대문구,남가좌제1동,1141012000,남가좌동,19880423,
서대문구,남가좌2동,1,0,2576,22,11,545,141,690,4554,8540,서대문구,1141070000,남가좌제2동,19880423,,서대문구,남가좌제2동,1141012000,남가좌동,19880423,
서대문구,북가좌1동,1,0,2265,27,6,1161,159,511,3226,7356,서대문구,1141071000,북가좌제1동,19880423,,서대문구,북가좌제1동,1141011900,북가좌동,19880423,
서대문구,북가좌2동,45,0,2783,13,8,979,147,420,4279,8674,서대문구,1141072000,북가좌제2동,19880423,,서대문구,북가좌제2동,1141011900,북가좌동,19880423,
서대문구,북아현동,12,0,1280,8,6,224,88,390,2513,4521,서대문구,1141055500,북아현동,20080506,,서대문구,북아현동,1141011000,북아현동,20080506,
서대문구,신촌동,0,0,1134,8,7,263,61,255,2175,3903,서대문구,1141058500,신촌동,20080506,,서대문구,신촌동,1141011200,대현동,20080506,
서대문구,연희동,8,0,2998,6,16,598,199,650,5331,9806,서대문구,1141061500,연희동,20080506,,서대문구,연희동,1141011700,연희동,20080506,
서대문구,천연동,1,0,1403,5,3,252,75,413,2734,4886,서대문구,1141052000,천연동,19981001,,서대문구,천연동,1141010500,냉천동,19880423,
서대문구,충현동,10,0,2362,40,6,420,204,465,3341,6848,서대문구,1141056500,충현동,20080506,,서대문구,충현동,1141010100,충정로2가,20080506,
서대문구,홍은1동,43,0,2183,7,7,490,109,491,3773,7103,서대문구,1141066000,홍은제1동,19880423,,서대문구,홍은제1동,1141011800,홍은동,19880423,
서대문구,홍은2동,10,0,2523,30,12,627,134,515,4456,8307,서대문구,1141068500,홍은제2동,20080506,,서대문구,홍은제2동,1141011800,홍은동,20080506,
서대문구,홍제1동,5,0,2069,11,10,412,119,564,3979,7169,서대문구,1141062000,홍제제1동,19880423,,서대문구,홍제제1동,1141011100,홍제동,19880423,
서대문구,홍제2동,1,0,938,1,2,204,47,318,2162,3673,서대문구,1141065500,홍제제2동,20080506,,서대문구,홍제제2동,1141011100,홍제동,20080506,
서대문구,홍제3동,1,0,1511,4,4,338,70,343,2546,4817,서대문구,1141064000,홍제제3동,19880423,,서대문구,홍제제3동,1141011100,홍제동,19880423,
서초구,내곡동,118,0,2591,15,14,827,243,609,3844,8261,서초구,1165066000,내곡동,19880423,,서초구,내곡동,1165010900,내곡동,19880423,
서초구,반포1동,0,0,2701,26,8,250,317,1120,7031,11453,서초구,1165056000,반포1동,19880423,,서초구,반포1동,1165010700,반포동,19880423,
서초구,반포2동,0,0,1924,14,6,125,305,1022,5480,8876,서초구,1165057000,반포2동,19880423,,서초구,반포2동,1165010700,반포동,19880423,
서초구,반포3동,0,0,1976,5,5,190,162,868,5299,8505,서초구,1165058000,반포3동,19880423,,서초구,반포3동,1165010600,잠원동,19880423,
서초구,반포4동,0,0,1666,6,10,181,124,643,4276,6906,서초구,1165058100,반포4동,19890901,,서초구,반포4동,1165010700,반포동,19890901,
서초구,반포본동,0,0,337,3,0,65,75,116,456,1052,서초구,1165055000,반포본동,19880423,,서초구,반포본동,1165010700,반포동,19880423,
서초구,방배1동,175,0,1973,7,11,292,145,541,3552,6696,서초구,1165060000,방배1동,19880423,,서초구,방배1동,1165010100,방배동,19880423,
서초구,방배2동,69,0,1678,10,11,330,74,428,3229,5829,서초구,1165061000,방배2동,19880423,,서초구,방배2동,1165010100,방배동,19880423,
서초구,방배3동,0,0,1522,4,6,164,99,660,3636,6091,서초구,1165062000,방배3동,19880423,,서초구,방배3동,1165010100,방배동,19880423,
서초구,방배4동,2,0,2124,20,4,276,133,652,4594,7805,서초구,1165062100,방배4동,19910907,,서초구,방배4동,1165010100,방배동,19910907,
서초구,방배본동,25,0,2235,10,14,284,111,683,4420,7782,서초구,1165059000,방배본동,19880423,,서초구,방배본동,1165010100,방배동,19880423,
서초구,서초1동,19,0,5937,53,10,479,923,1261,8036,16718,서초구,1165051000,서초1동,19880423,,서초구,서초1동,1165010800,서초동,19880423,
서초구,서초2동,1,0,2595,18,8,194,273,879,5809,9777,서초구,1165052000,서초2동,19880423,,서초구,서초2동,1165010800,서초동,19880423,
서초구,서초3동,22,0,4361,100,18,465,371,1248,8475,15060,서초구,1165053000,서초3동,19890427,,서초구,서초3동,1165010100,방배동,19890427,
서초구,서초4동,1,0,2517,20,11,154,239,1320,7544,11806,서초구,1165053100,서초4동,19910907,,서초구,서초4동,1165010800,서초동,19910907,
서초구,양재1동,42,0,6171,48,77,1035,2047,1947,10194,21561,서초구,1165065100,양재1동,19920701,,서초구,양재1동,1165010200,양재동,19920701,
서초구,양재2동,3,0,4769,63,14,637,295,760,5487,12028,서초구,1165065200,양재2동,19920701,,서초구,양재2동,1165010200,양재동,19920701,
서초구,잠원동,0,0,2606,21,9,287,187,981,6267,10358,서초구,1165054000,잠원동,19880423,,서초구,잠원동,1165010600,잠원동,19880423,
성동구,금호1가동,1,0,1396,6,3,288,103,394,2592,4783,성동구,1120059000,금호1가동,19880423,,성동구,금호1가동,1120010900,금호동1가,19880423,
성동구,금호2.3가동,0,0,1924,15,1,313,107,492,3365,6217,성동구,1120061500,금호2.3가동,20080811,,성동구,금호2.3가동,1120011000,금호동2가,20080811,
성동구,금호4가동,0,0,1237,15,1,192,115,433,2501,4494,성동구,1120062000,금호4가동,19880423,,성동구,금호4가동,1120011200,금호동4가,19880423,
성동구,마장동,6,0,3471,15,4,1055,311,407,3338,8607,성동구,1120054000,마장동,19880423,,성동구,마장동,1120010500,마장동,19880423,
성동구,사근동,0,0,737,8,2,155,51,156,1168,2277,성동구,1120055000,사근동,19880423,,성동구,사근동,1120010600,사근동,19880423,
성동구,성수1가1동,223,0,2268,33,11,425,530,492,4895,8877,성동구,1120065000,성수1가제1동,19880423,,성동구,성수1가제1동,1120011400,성수동1가,19880423,
성동구,성수1가2동,1,0,1961,87,2,484,335,318,4856,8044,성동구,1120066000,성수1가제2동,19880423,,성동구,성수1가제2동,1120011400,성수동1가,19880423,
성동구,성수2가1동,20,0,2590,8,3,591,174,505,3427,7318,성동구,1120067000,성수2가제1동,19880423,,성동구,성수2가제1동,1120011500,성수동2가,19880423,
성동구,성수2가3동,0,0,2531,16,9,526,135,421,3174,6812,성동구,1120069000,성수2가제3동,19880423,,성동구,성수2가제3동,1120011500,성수동2가,19880423,
성동구,송정동,1,0,946,7,1,218,56,138,1286,2653,성동구,1120072000,송정동,19880423,,성동구,송정동,1120011800,송정동,19880423,
성동구,옥수동,10,0,2347,26,9,201,233,833,5116,8775,성동구,1120050100,옥수동,19880423,19880831,성동구,옥수동,1120011300,옥수동,19880423,19880831
성동구,왕십리2동,0,0,1421,4,5,215,75,321,2418,4459,성동구,1120052000,왕십리제2동,19880423,,성동구,왕십리제2동,1120010200,하왕십리동,19880423,
성동구,왕십리도선동,10,0,2428,31,3,335,188,656,4512,8163,성동구,1120053500,왕십리도선동,20080811,,성동구,왕십리도선동,1120010100,상왕십리동,20080811,
성동구,용답동,3,0,2807,10,4,951,121,297,3284,7477,성동구,1120079000,용답동,19880423,,성동구,용답동,1120011800,송정동,19880423,
성동구,응봉동,0,0,1340,9,5,213,58,375,2523,4523,성동구,1120058000,응봉동,19880423,,성동구,응봉동,1120010800,응봉동,19880423,
성동구,행당1동,13,0,1335,12,3,238,146,372,2277,4396,성동구,1120056000,행당제1동,19880423,,성동구,행당제1동,1120010700,행당동,19880423,
성동구,행당2동,0,0,1783,12,3,278,96,567,4009,6748,성동구,1120057000,행당제2동,19880423,,성동구,행당제2동,1120010700,행당동,19880423,
성북구,길음1동,12,0,2999,26,7,525,200,895,6245,10909,성북구,1129066000,길음제1동,19880423,,성북구,길음제1동,1129013400,길음동,19880423,
성북구,길음2동,1,0,2017,17,3,363,128,515,3609,6653,성북구,1129068500,길음제2동,20071230,,성북구,길음제2동,1129013400,길음동,20071230,
성북구,돈암1동,4,0,1221,11,2,272,69,312,2304,4195,성북구,1129058000,돈암제1동,19880423,,성북구,돈암제1동,1129010300,돈암동,19880423,
성북구,돈암2동,0,0,2004,32,3,317,140,679,4476,7651,성북구,1129059000,돈암제2동,19880423,,성북구,돈암제2동,1129010300,돈암동,19880423,
성북구,동선동,6,0,1140,8,0,210,29,190,1752,3335,성북구,1129057500,동선동,20071230,,성북구,동선동,1129010300,돈암동,20071230,
성북구,보문동,1,0,1537,11,2,368,104,306,2403,4732,성북구,1129061000,보문동,19880423,,성북구,보문동,1129012600,보문동4가,19880423,
성북구,삼선동,13,0,1918,14,7,300,136,361,2955,5704,성북구,1129055500,삼선동,20071230,,성북구,삼선동,1129010300,돈암동,20071230,
성북구,석관동,83,0,3474,13,6,867,124,508,4623,9698,성북구,1129081000,석관동,20071230,,성북구,석관동,1129013900,석관동,20071230,
성북구,성북동,2,0,1384,12,4,247,70,347,2684,4750,성북구,1129052500,성북동,20071230,,성북구,성북동,1129010100,성북동,20071230,
성북구,안암동,0,0,1010,9,2,205,34,180,1555,2995,성북구,1129060000,안암동,19880423,,성북구,안암동,1129012100,안암동1가,19880423,
성북구,월곡1동,0,0,2447,17,8,536,75,499,3950,7532,성북구,1129071500,월곡제1동,19890427,,성북구,월곡제1동,1129013600,하월곡동,19890427,
성북구,월곡2동,0,0,1666,8,6,396,88,286,2664,5114,성북구,1129072500,월곡제2동,19890427,,성북구,월곡제2동,1129013600,하월곡동,19890427,
성북구,장위1동,6,0,2362,11,1,486,124,366,3102,6458,성북구,1129076000,장위제1동,19880423,,성북구,장위제1동,1129013800,장위동,19880423,
성북구,장위2동,3,0,1175,4,1,291,31,139,1512,3156,성북구,1129077000,장위제2동,19880423,,성북구,장위제2동,1129013800,장위동,19880423,
성북구,장위3동,1,0,1570,24,3,339,97,392,2724,5150,성북구,1129078000,장위제3동,19880423,,성북구,장위제3동,1129013800,장위동,19880423,
성북구,정릉1동,486,0,1788,15,5,436,183,384,2843,6140,성북구,1129062000,정릉제1동,19880423,,성북구,정릉제1동,1129010300,돈암동,20210315,
성북구,정릉2동,1,0,2052,17,3,502,93,397,3388,6453,성북구,1129063000,정릉제2동,19880423,,성북구,정릉제2동,1129010300,돈암동,20040204,
성북구,정릉3동,4,0,1139,3,1,335,39,198,1830,3549,성북구,1129064000,정릉제3동,19880423,,성북구,정릉제3동,1129013300,정릉동,19880423,
성북구,정릉4동,61,0,2169,15,6,543,129,471,3796,7190,성북구,1129065000,정릉제4동,19880423,,성북구,정릉제4동,1129013300,정릉동,19880423,
성북구,종암동,2,0,3477,26,3,686,158,692,5563,10607,성북구,1129070500,종암동,20071230,,성북구,종암동,1129013500,종암동,20071230,
송파구,가락1동,2,0,3300,51,11,438,333,1228,6413,11776,송파구,1171063100,가락1동,19890601,,송파구,가락1동,1171010700,가락동,19890601,
송파구,가락2동,0,0,3085,14,14,592,148,909,5985,10747,송파구,1171063200,가락2동,19890601,,송파구,가락2동,1171010700,가락동,19890601,
송파구,가락본동,1,0,4300,69,12,1211,171,789,6388,12941,송파구,1171062000,가락본동,19880701,,송파구,가락본동,1171010700,가락동,19880701,
송파구,거여1동,0,0,1500,6,6,327,61,245,1966,4111,송파구,1171053100,거여1동,19920701,,송파구,거여1동,1171011300,거여동,19920701,
송파구,거여2동,0,0,2280,14,11,471,175,595,4152,7698,송파구,1171053200,거여2동,19920701,,송파구,거여2동,1171011300,거여동,19920701,
송파구,마천1동,47,0,1993,9,7,782,71,272,2576,5757,송파구,1171054000,마천1동,19880423,,송파구,마천1동,1171011400,마천동,19880423,
송파구,마천2동,54,0,2071,10,7,540,105,277,2462,5526,송파구,1171055000,마천2동,19880423,,송파구,마천2동,1171011400,마천동,19880423,
송파구,문정1동,1,0,4057,16,10,546,199,854,5464,11147,송파구,1171064100,문정1동,19890901,,송파구,문정1동,1171010800,문정동,19890901,
송파구,문정2동,98,0,4322,26,12,775,322,1243,8015,14813,송파구,1171064200,문정2동,19890901,,송파구,문정2동,1171010800,문정동,19890901,
송파구,방이1동,0,0,2244,10,3,382,95,551,3370,6655,송파구,1171056100,방이1동,19920701,,송파구,방이1동,1171011100,방이동,19920701,
송파구,방이2동,0,0,2350,14,6,474,126,509,4340,7819,송파구,1171056200,방이2동,19920701,,송파구,방이2동,1171011100,방이동,19920701,
송파구,삼전동,1,0,2657,10,6,703,149,487,4647,8660,송파구,1171061000,삼전동,19880701,,송파구,삼전동,1171010600,삼전동,19880701,
송파구,석촌동,1,0,3169,17,7,626,147,580,5019,9566,송파구,1171060000,석촌동,19880423,,송파구,석촌동,1171010500,석촌동,19880423,
송파구,송파1동,0,0,2609,11,6,458,93,461,3940,7578,송파구,1171058000,송파1동,19880501,,송파구,송파1동,1171010400,송파동,19880423,
송파구,송파2동,0,0,1715,14,10,318,94,572,3884,6607,송파구,1171059000,송파2동,19880501,,송파구,송파2동,1171010400,송파동,19880423,
송파구,오금동,19,0,4638,22,20,928,216,1001,7278,14122,송파구,1171057000,오금동,19880423,,송파구,오금동,1171011200,오금동,19880423,
송파구,오륜동,0,0,1545,18,6,97,83,728,4159,6636,송파구,1171056600,오륜동,19890601,,송파구,오륜동,1171011100,방이동,19890601,
송파구,위례동,0,0,4295,63,26,1197,450,1552,8309,15892,송파구,1171064700,위례동,20150706,,송파구,위례동,1171010800,문정동,20150706,20150706
송파구,잠실2동,0,0,2923,39,9,264,273,1333,7474,12315,송파구,1171067000,잠실2동,19880423,,송파구,잠실2동,1171010100,잠실동,19880423,
송파구,잠실3동,0,0,2893,26,6,379,231,1177,7537,12249,송파구,1171068000,잠실3동,19880423,,송파구,잠실3동,1171010100,잠실동,19880423,
송파구,잠실4동,4,0,2773,29,6,225,218,840,4700,8795,송파구,1171069000,잠실4동,19880423,,송파구,잠실4동,1171010200,신천동,19880423,
송파구,잠실6동,8,0,2349,81,4,186,155,533,3846,7162,송파구,1171071000,잠실6동,19880423,,송파구,잠실6동,1171010200,신천동,19880423,
송파구,잠실7동,2,0,710,7,0,51,57,424,2347,3598,송파구,1171072000,잠실7동,19890901,,송파구,잠실7동,1171010100,잠실동,19890901,
송파구,잠실본동,7,0,2738,16,13,643,120,542,4792,8871,송파구,1171065000,잠실본동,19880423,,송파구,잠실본동,1171010100,잠실동,19880423,
송파구,장지동,548,0,3262,27,8,1251,311,684,4932,11023,송파구,1171064600,장지동,19960801,,송파구,장지동,1171010800,문정동,19960801,
송파구,풍납1동,1,0,1313,7,6,463,68,248,1966,4072,송파구,1171051000,풍납1동,19880423,,송파구,풍납1동,1171010300,풍납동,19880423,
송파구,풍납2동,1,0,2104,18,9,565,131,625,4333,7786,송파구,1171052000,풍납2동,19880423,,송파구,풍납2동,1171010300,풍납동,19880423,
양천구,목1동,18,0,3265,37,9,383,245,1015,6682,11654,양천구,1147051000,목1동,19880423,,양천구,목1동,1147010200,목동,19880423,
양천구,목2동,2,0,2631,13,14,584,104,573,4652,8573,양천구,1147052000,목2동,19880423,,양천구,목2동,1147010200,목동,19880423,
양천구,목3동,0,0,1891,11,8,451,80,445,3474,6360,양천구,1147053000,목3동,19880423,,양천구,목3동,1147010200,목동,19880423,
양천구,목4동,1,0,2319,10,8,458,75,449,4010,7330,양천구,1147054000,목4동,19880423,,양천구,목4동,1147010200,목동,19880423,
양천구,목5동,0,0,3349,18,10,366,204,1415,9224,14586,양천구,1147055000,목5동,19880701,,양천구,목5동,1147010200,목동,19880701,
양천구,신월1동,122,0,3050,13,4,1172,118,298,3086,7863,양천구,1147056000,신월1동,19880423,,양천구,신월1동,1147010300,신월동,19880423,
양천구,신월2동,3,0,2384,19,4,708,104,374,3406,7002,양천구,1147057000,신월2동,19880423,,양천구,신월2동,1147010300,신월동,19880423,
양천구,신월3동,1,0,2121,17,5,1016,73,199,2469,5901,양천구,1147058000,신월3동,19880423,,양천구,신월3동,1147010300,신월동,19880423,
양천구,신월4동,2,0,2179,15,4,953,78,332,2834,6397,양천구,1147059000,신월4동,19880423,,양천구,신월4동,1147010300,신월동,19880423,
양천구,신월5동,0,0,1544,12,0,421,66,232,2198,4473,양천구,1147060000,신월5동,19880423,,양천구,신월5동,1147010300,신월동,19880423,
양천구,신월6동,2,0,2378,19,4,1173,198,445,2745,6964,양천구,1147061000,신월6동,19880423,,양천구,신월6동,1147010300,신월동,19880423,
양천구,신월7동,120,0,2060,17,4,717,77,271,2808,6074,양천구,1147061100,신월7동,19890601,,양천구,신월7동,1147010300,신월동,19890601,
양천구,신정1동,129,0,2616,29,9,296,222,624,4283,8208,양천구,1147062000,신정1동,19880423,,양천구,신정1동,1147010100,신정동,19880423,
양천구,신정2동,77,0,1709,13,5,325,98,513,3452,6192,양천구,1147063000,신정2동,19880423,,양천구,신정2동,1147010100,신정동,19880423,
양천구,신정3동,50,0,5066,42,17,1235,271,1075,8599,16355,양천구,1147064000,신정3동,19880423,,양천구,신정3동,1147010100,신정동,19880423,
양천구,신정4동,0,0,3126,16,5,845,101,424,4512,9029,양천구,1147065000,신정4동,19880423,,양천구,신정4동,1147010100,신정동,19880423,
양천구,신정6동,13,0,2109,21,7,275,149,830,5399,8803,양천구,1147067000,신정6동,19880701,,양천구,신정6동,1147010100,신정동,19880701,
양천구,신정7동,1,0,2687,12,9,600,116,731,5113,9269,양천구,1147068000,신정7동,19890901,,양천구,신정7동,1147010100,신정동,19890901,
영등포구,당산1동,9,0,2890,44,17,450,149,545,3961,8065,영등포구,1156055000,당산제1동,19880423,,영등포구,당산제1동,1156011100,당산동1가,19880423,
영등포구,당산2동,58,0,3411,27,13,650,228,1063,7252,12702,영등포구,1156056000,당산제2동,19880423,,영등포구,당산제2동,1156011400,당산동4가,19880423,
영등포구,대림1동,0,0,1831,4,1,386,72,269,2210,4773,영등포구,1156070000,대림제1동,19880423,,영등포구,대림제1동,1156013300,대림동,19880423,
영등포구,대림2동,0,0,1766,2,1,222,39,217,1972,4219,영등포구,1156071000,대림제2동,19880423,,영등포구,대림제2동,1156013300,대림동,19880423,
영등포구,대림3동,0,0,3048,8,7,802,136,409,3779,8189,영등포구,1156072000,대림제3동,19880423,,영등포구,대림제3동,1156013300,대림동,19880423,
영등포구,도림동,11,0,2048,14,7,415,89,328,2761,5673,영등포구,1156058500,도림동,20080901,,영등포구,도림동,1156011800,도림동,20080901,
영등포구,문래동,1,1,4565,70,23,671,209,1060,7431,14031,영등포구,1156060500,문래동,20080901,,영등포구,문래동,1156011900,문래동1가,20080901,
영등포구,신길1동,2,0,1997,5,2,394,76,292,2761,5529,영등포구,1156063000,신길제1동,19880423,,영등포구,신길제1동,1156013200,신길동,19880423,
영등포구,신길3동,2,0,1780,4,1,312,49,328,2488,4964,영등포구,1156065000,신길제3동,19880423,,영등포구,신길제3동,1156013200,신길동,19880423,
영등포구,신길4동,1,0,1245,6,3,234,56,248,1929,3722,영등포구,1156066000,신길제4동,19880423,,영등포구,신길제4동,1156013200,신길동,19880423,
영등포구,신길5동,1,0,1188,6,4,221,57,197,1591,3265,영등포구,1156067000,신길제5동,19880423,,영등포구,신길제5동,1156013200,신길동,19880423,
영등포구,신길6동,0,0,1538,7,3,347,66,330,2630,4921,영등포구,1156068000,신길제6동,19880423,,영등포구,신길제6동,1156013200,신길동,19880423,
영등포구,신길7동,1,0,1845,19,10,353,125,640,3827,6820,영등포구,1156069000,신길제7동,19880423,,영등포구,신길제7동,1156013200,신길동,19880423,
영등포구,양평1동,2,0,4086,65,7,818,120,572,3914,9584,영등포구,1156061000,양평제1동,19880423,,영등포구,양평제1동,1156012500,양평동1가,19880423,
영등포구,양평2동,4,0,4602,67,10,847,370,788,5426,12114,영등포구,1156062000,양평제2동,19880423,,영등포구,양평제2동,1156012700,양평동3가,19880423,
영등포구,여의동,3,0,5085,90,39,428,676,1625,10764,18710,영등포구,1156054000,여의동,19880423,,영등포구,여의동,1156011000,여의도동,19880423,
영등포구,영등포1동,0,0,1,0,0,0,0,0,0,1,영등포구,1156051000,영등포제1동,19880423,20080901,영등포구,영등포제1동,1156010100,영등포동,19880423,20080901
영등포구,영등포동,1,0,3836,35,21,521,202,748,5612,10976,영등포구,1156053500,영등포동,20080901,,영등포구,영등포동,1156010100,영등포동,20080901,
영등포구,영등포본동,0,0,2089,10,8,415,115,414,3323,6374,영등포구,1156051500,영등포본동,20080901,,영등포구,영등포본동,1156010100,영등포동,20080901,
용산구,남영동,0,0,994,28,2,102,55,289,1297,2767,용산구,1117053000,남영동,19880423,,용산구,남영동,1117010400,갈월동,19880423,
용산구,보광동,0,0,812,0,5,174,35,121,1246,2393,용산구,1117070000,보광동,19880423,,용산구,보광동,1117013600,보광동,19880423,
용산구,서빙고동,0,0,1374,6,2,237,78,462,2584,4743,용산구,1117069000,서빙고동,19880423,,용산구,서빙고동,1117013200,동빙고동,19880423,
용산구,용문동,0,0,998,3,6,171,48,241,1864,3331,용산구,1117059000,용문동,19880423,,용산구,용문동,1117012000,도원동,19880423,
용산구,용산2가동,1,0,688,6,2,150,29,90,1108,2074,용산구,1117052000,용산2가동,19880423,,용산구,용산2가동,1117010200,용산동2가,19880423,
용산구,원효로1동,0,0,2077,9,7,223,170,505,3412,6403,용산구,1117056000,원효로제1동,19880423,,용산구,원효로제1동,1117011200,원효로1가,19880423,
용산구,원효로2동,4,0,1481,5,3,256,79,378,2614,4820,용산구,1117057000,원효로제2동,19880423,,용산구,원효로제2동,1117011400,신창동,19880423,
용산구,이촌1동,0,0,2045,13,14,149,219,977,5527,8944,용산구,1117063000,이촌제1동,19880423,,용산구,이촌제1동,1117012900,이촌동,19880423,
용산구,이촌2동,0,0,832,2,2,149,54,189,1450,2678,용산구,1117064000,이촌제2동,19880423,,용산구,이촌제2동,1117012900,이촌동,19880423,
용산구,이태원1동,5,0,750,5,6,110,100,164,1231,2371,용산구,1117065000,이태원제1동,19880423,,용산구,이태원제1동,1117013000,이태원동,19880423,
용산구,이태원2동,0,0,775,7,5,184,61,156,1437,2625,용산구,1117066000,이태원제2동,19880423,,용산구,이태원제2동,1117013000,이태원동,19880423,
용산구,청파동,0,0,1436,9,5,288,49,243,2187,4217,용산구,1117055500,청파동,20080630,,용산구,청파동,1117010800,서계동,20080630,
용산구,한강로동,5,0,3283,113,18,354,310,886,7284,12253,용산구,1117062500,한강로동,20080630,,용산구,한강로동,1117012400,한강로1가,20080630,
용산구,한남동,0,0,2027,28,3,185,211,554,3880,6888,용산구,1117068500,한남동,20080630,,용산구,한남동,1117013100,한남동,20080630,
용산구,효창동,0,0,1099,14,7,148,55,267,1763,3353,용산구,1117058000,효창동,19880423,,용산구,효창동,1117011900,효창동,19880423,
용산구,후암동,13,0,1360,2,6,222,92,226,2078,3999,용산구,1117051000,후암동,19880423,,용산구,후암동,1117010100,후암동,19880423,
은평구,갈현1동,0,0,1267,7,1,293,43,205,2093,3909,은평구,1138055100,갈현제1동,19890601,,은평구,갈현제1동,1138010400,갈현동,19890601,
은평구,갈현2동,1,0,2339,13,8,590,85,393,3985,7414,은평구,1138055200,갈현제2동,19890601,,은평구,갈현제2동,1138010400,갈현동,19890601,
은평구,구산동,239,0,2888,17,4,798,173,448,4630,9197,은평구,1138056000,구산동,19880423,,은평구,구산동,1138010400,갈현동,19880423,20100302
은평구,녹번동,13,0,3250,13,10,664,204,724,5525,10403,은평구,1138051000,녹번동,19880423,,은평구,녹번동,1138010200,녹번동,19880423,
은평구,대조동,0,0,1976,5,7,503,72,300,3263,6126,은평구,1138057000,대조동,19880423,,은평구,대조동,1138010600,대조동,19880423,
은평구,불광1동,0,0,3006,17,7,647,125,744,5818,10364,은평구,1138052000,불광제1동,19880423,,은평구,불광제1동,1138010300,불광동,19880423,
은평구,불광2동,0,0,2157,14,5,538,68,308,3392,6482,은평구,1138053000,불광제2동,19880423,,은평구,불광제2동,1138010300,불광동,19880423,
은평구,수색동,139,0,2084,22,12,423,152,578,3950,7360,은평구,1138065000,수색동,19880423,,은평구,수색동,1138010100,수색동,19880423,
은평구,신사1동,7,0,2534,8,10,1185,159,437,3814,8154,은평구,1138063100,신사제1동,19890901,,은평구,신사제1동,1138010900,신사동,19890901,
은평구,신사2동,0,0,1786,10,9,1099,168,295,2735,6102,은평구,1138063200,신사제2동,19890901,,은평구,신사제2동,1138010900,신사동,19890901,
은평구,역촌동,2,0,3915,24,10,1025,137,570,6184,11867,은평구,1138062500,역촌동,20080602,,은평구,역촌동,1138010800,역촌동,20080602,
은평구,응암1동,1,0,2975,12,6,707,138,643,5040,9522,은평구,1138058000,응암제1동,19880423,,은평구,응암제1동,1138010700,응암동,19880423,
은평구,응암2동,0,0,2587,25,7,520,157,714,4883,8893,은평구,1138059000,응암제2동,19880423,,은평구,응암제2동,1138010700,응암동,19880423,
은평구,응암3동,0,0,1856,7,8,518,86,269,2868,5612,은평구,1138060000,응암제3동,19880423,,은평구,응암제3동,1138010700,응암동,19880423,
은평구,증산동,1,0,1858,13,8,634,90,353,2860,5817,은평구,1138064000,증산동,19880423,,은평구,증산동,1138010900,신사동,19890901,19990201
은평구,진관동,193,0,4804,44,22,1274,335,1344,9800,17816,은평구,1138069000,진관동,20070813,,은평구,진관동,1138011400,진관동,20070813,
종로구,가회동,1,0,458,1,10,56,30,71,576,1203,종로구,1111060000,가회동,19880423,,종로구,가회동,1111014600,가회동,19880423,
종로구,교남동,0,0,730,6,1,113,70,295,1670,2885,종로구,1111058000,교남동,19880423,,종로구,교남동,1111017600,교남동,19880423,
종로구,명륜3가동,0,0,7,0,0,0,0,0,4,11,종로구,1111066000,명륜3가동,19880423,20120801,종로구,명륜3가동,1111017300,명륜3가,19880423,20120801
종로구,무악동,0,0,899,2,9,155,53,244,1487,2849,종로구,1111057000,무악동,19880423,,종로구,무악동,1111018700,무악동,19880423,
종로구,부암동,0,0,913,7,3,126,59,224,1709,3041,종로구,1111055000,부암동,19880423,,종로구,부암동,1111018400,부암동,19880423,
종로구,사직동,0,0,3113,89,26,121,320,444,3687,7800,종로구,1111053000,사직동,19880423,,종로구,사직동,1111010600,통의동,19880423,
종로구,삼청동,0,0,261,6,0,27,20,52,429,795,종로구,1111054000,삼청동,19880423,,종로구,삼청동,1111013900,팔판동,19880423,
종로구,숭인1동,0,0,582,2,0,102,23,89,772,1570,종로구,1111070000,숭인제1동,19880423,,종로구,숭인제1동,1111017500,숭인동,19880423,
종로구,숭인2동,0,0,743,5,0,152,28,99,1311,2338,종로구,1111071000,숭인제2동,19880423,,종로구,숭인제2동,1111017500,숭인동,19880423,
종로구,이화동,1,0,557,6,3,99,37,84,896,1683,종로구,1111064000,이화동,19880423,,종로구,이화동,1111016500,이화동,19880423,
종로구,종로1.2.3.4가동,27,0,2750,59,7,164,279,367,2770,6423,종로구,1111061500,종로1.2.3.4가동,19981201,,종로구,종로1.2.3.4가동,1111011900,세종로,20110501,
종로구,종로5.6가동,0,0,825,7,1,109,59,119,901,2021,종로구,1111063000,종로5.6가동,19880423,,종로구,종로5.6가동,1111016000,연지동,19880423,
종로구,창신1동,0,0,418,2,1,76,12,60,577,1146,종로구,1111067000,창신제1동,19880423,,종로구,창신제1동,1111017400,창신동,19880423,
종로구,창신2동,0,0,511,1,2,111,15,51,727,1418,종로구,1111068000,창신제2동,19880423,,종로구,창신제2동,1111017400,창신동,19880423,
종로구,창신3동,1,0,556,9,1,101,22,110,866,1666,종로구,1111069000,창신제3동,19880423,,종로구,창신제3동,1111017400,창신동,19880423,
종로구,청운효자동,0,0,963,23,4,152,62,272,1851,3327,종로구,1111051500,청운효자동,20081101,,종로구,청운효자동,1111010100,청운동,20081101,
종로구,평창동,2,0,1797,20,8,179,179,607,3728,6520,종로구,1111056000,평창동,19880423,,종로구,평창동,1111018200,구기동,19880423,
종로구,혜화동,79,0,1045,4,3,208,58,243,1948,3588,종로구,1111065000,혜화동,19880423,,종로구,혜화동,1111013000,와룡동,20120801,
중구,광희동,9,0,1045,7,3,131,105,193,1441,2934,중구,1114059000,광희동,19980914,,중구,광희동,1114013200,충무로4가,19980914,
중구,남대문로5가동,0,0,1,0,0,0,0,0,0,1,중구,1114053000,남대문로5가동,19920416,19980914,중구,남대문로5가동,1114011800,남대문로5가,19880423,19980914
중구,다산동,0,0,1181,12,1,202,59,182,1679,3316,중구,1114062500,다산동,20130720,,중구,다산동,1114016200,신당동,20130720,
중구,동화동,1,0,907,10,6,161,28,202,1626,2941,중구,1114066500,동화동,20130720,,중구,동화동,1114016200,신당동,20130720,
중구,명동,6,0,2177,87,12,611,321,570,2643,6427,중구,1114055000,명동,19980914,,중구,명동,1114010100,무교동,19980914,
중구,소공동,1,0,1289,17,1,64,288,223,1494,3377,중구,1114052000,소공동,19880423,,중구,소공동,1114011100,소공동,19880423,
중구,신당1동,0,0,14,0,0,1,0,0,20,35,중구,1114061000,신당제1동,19880423,20130720,중구,신당제1동,1114016200,신당동,19880423,20130720
중구,신당2동,0,0,10,0,0,1,0,0,11,22,중구,1114062000,신당제2동,19880423,20130720,중구,신당제2동,1114016200,신당동,19880423,20130720
중구,신당3동,0,0,2,0,0,0,0,0,8,10,중구,1114063000,신당제3동,19880423,20130720,중구,신당제3동,1114016200,신당동,19880423,20130720
중구,신당4동,0,0,2,0,0,0,0,0,3,5,중구,1114064000,신당제4동,19880423,20130720,중구,신당제4동,1114016200,신당동,19880423,20130720
중구,신당5동,0,0,1116,7,3,162,50,208,1429,2975,중구,1114065000,신당제5동,19880423,,중구,신당제5동,1114016200,신당동,19880423,
중구,신당6동,0,0,5,0,0,1,0,0,5,11,중구,1114066000,신당제6동,19880423,20130720,중구,신당제6동,1114016200,신당동,19880423,20130720
중구,신당동,4,0,1194,10,0,134,49,131,1375,2897,중구,1114061500,신당동,20130720,,중구,신당동,1114016200,신당동,20130720,
중구,약수동,2,0,1365,15,3,217,87,379,2615,4683,중구,1114063500,약수동,20130720,,중구,약수동,1114016200,신당동,20130720,
중구,을지로3.4.5가동,0,0,17,0,0,4,0,0,20,41,중구,1114060000,을지로3.4.5가동,19880423,20050315,중구,을지로3.4.5가동,1114015000,을지로4가,19880423,20050315
중구,을지로동,0,0,781,5,1,59,50,119,1039,2054,중구,1114060500,을지로동,20050315,,중구,을지로동,1114015000,을지로4가,20050315,
중구,장충동,0,0,476,8,3,85,38,68,622,1300,중구,1114058000,장충동,19880423,,중구,장충동,1114013600,묵정동,19880423,
중구,중림동,0,0,1245,9,3,148,112,308,2084,3909,중구,1114068000,중림동,19880423,,중구,중림동,1114017100,중림동,19880423,
중구,청구동,0,0,1041,10,3,181,66,244,2001,3546,중구,1114064500,청구동,20130720,,중구,청구동,1114016200,신당동,20130720,
중구,태평로1가동,0,0,0,0,0,1,0,0,0,1,중구,1114051000,태평로1가동,19920416,19980914,중구,태평로1가동,1114010100,무교동,19880423,19980914
중구,필동,0,0,798,6,2,111,56,169,1129,2271,중구,1114057000,필동,19880423,,중구,필동,1114013200,충무로4가,19980914,
중구,황학동,0,0,1216,13,0,140,68,221,1887,3545,중구,1114067000,황학동,19880423,,중구,황학동,1114016500,황학동,19880423,
중구,회현동,0,0,2433,6,17,84,1068,669,3396,7673,중구,1114054000,회현동,19980914,,중구,회현동,1114011200,남창동,19880423,
중랑구,망우3동,1,0,1793,7,2,1172,161,191,2140,5467,중랑구,1126066000,망우제3동,19880423,,중랑구,망우제3동,1126010500,망우동,19880423,
중랑구,망우본동,2,0,4182,29,10,1685,343,650,5359,12260,중랑구,1126065500,망우본동,20080101,,중랑구,망우본동,1126010500,망우동,20080101,
중랑구,면목2동,1,0,2800,17,2,870,155,310,3326,7481,중랑구,1126052000,면목제2동,19880423,,중랑구,면목제2동,1126010100,면목동,19880423,
중랑구,면목3.8동,76,0,2252,3,4,604,97,298,2974,6308,중랑구,1126057500,면목제3.8동,20080101,,중랑구,면목제3.8동,1126010100,면목동,20080101,
중랑구,면목4동,149,0,1735,9,3,452,77,277,2339,5041,중랑구,1126054000,면목제4동,19880423,,중랑구,면목제4동,1126010100,면목동,19880423,
중랑구,면목5동,0,0,1626,6,1,374,88,304,2365,4764,중랑구,1126055000,면목제5동,19880423,,중랑구,면목제5동,1126010100,면목동,19880423,
중랑구,면목7동,0,0,2022,12,4,490,94,338,2979,5939,중랑구,1126057000,면목제7동,19880423,,중랑구,면목제7동,1126010100,면목동,19880423,
중랑구,면목본동,0,0,3008,5,3,701,79,386,3943,8125,중랑구,1126056500,면목본동,20080101,,중랑구,면목본동,1126010100,면목동,20080101,
중랑구,묵1동,0,0,3539,24,5,777,150,673,5420,10588,중랑구,1126062000,묵제1동,19880423,,중랑구,묵제1동,1126010400,묵동,19880423,
중랑구,묵2동,2,0,2073,4,3,513,68,271,2649,5583,중랑구,1126063000,묵제2동,19880423,,중랑구,묵제2동,1126010400,묵동,19880423,
중랑구,상봉1동,3,0,2672,17,6,884,129,483,3829,8023,중랑구,1126058000,상봉제1동,19880423,,중랑구,상봉제1동,1126010200,상봉동,19880423,
중랑구,상봉2동,0,0,1801,14,2,526,83,275,2893,5594,중랑구,1126059000,상봉제2동,19880423,,중랑구,상봉제2동,1126010200,상봉동,19880423,
중랑구,신내1동,72,0,4508,48,7,1252,265,732,6033,12917,중랑구,1126068000,신내1동,19960301,,중랑구,신내1동,1126010600,신내동,19960301,
중랑구,신내2동,5,0,2249,13,2,837,138,379,3276,6899,중랑구,1126069000,신내2동,19960301,,중랑구,신내2동,1126010600,신내동,19960301,
중랑구,중화1동,0,0,1923,9,2,509,86,262,2650,5441,중랑구,1126060000,중화제1동,19880423,,중랑구,중화제1동,1126010300,중화동,19880423,
중랑구,중화2동,0,0,2182,5,3,579,85,242,2950,6046,중랑구,1126061000,중화제2동,19880423,,중랑구,중화제2동,1126010300,중화동,19880423,
